0,52729,-1,-1,-1,-1,-1,-1,-1,-1
1474416120,240,-1,-1,-1,-1,-1,-1,-1,-1
1474416360,60,10,768,0,13140,0,-1,29,28
1474416420,960,-1,-1,-1,-1,-1,-1,-1,-1
1474417380,60,19,1573,0,13203,0,-1,61,57
1474417440,60,34,2873,0,13082,0,-1,111,104
1474417500,120,-1,-1,-1,-1,-1,-1,-1,-1
1474417620,4860,-1,-1,-1,-1,-1,-1,-1,-1
1474422480,1200,-1,-1,-1,-1,-1,-1,-1,-1
1474423680,1980,-1,-1,-1,-1,-1,-1,-1,-1
1474425660,60,6,482,0,14159,0,-1,18,16
1474425720,300,-1,-1,-1,-1,-1,-1,-1,-1
1474426020,60,10,820,0,13590,0,-1,31,29
1474426080,60,24,1974,0,14678,0,-1,76,69
1474426140,300,-1,-1,-1,-1,-1,-1,-1,-1
1474426440,60,6,536,0,12618,0,-1,20,17
1474426500,120,-1,-1,-1,-1,-1,-1,-1,-1
1474426620,60,-1,-1,-1,-1,-1,-1,-1,-1
1474426680,1200,-1,-1,-1,-1,-1,-1,-1,-1
1474427880,2520,-1,-1,-1,-1,-1,-1,-1,-1
1474430400,120,-1,-1,-1,-1,-1,-1,-1,-1
1474430520,60,9,673,0,12693,0,-1,26,25
1474430580,1380,-1,-1,-1,-1,-1,-1,-1,-1
1474431960,60,11,795,0,13202,1,-1,30,30
1474432020,180,-1,-1,-1,-1,-1,-1,-1,-1
1474432200,960,-1,-1,-1,-1,-1,-1,-1,-1
1474433160,60,21,1687,0,13650,0,-1,65,62
1474433220,840,-1,-1,-1,-1,-1,-1,-1,-1
1474434060,60,7,551,0,13070,0,-1,21,19
1474434120,780,-1,-1,-1,-1,-1,-1,-1,-1
1474434900,60,9,743,0,13717,0,-1,28,25
1474434960,60,-1,-1,-1,-1,-1,-1,-1,-1
1474435020,60,8,629,0,13197,0,-1,24,22
1474435080,780,-1,-1,-1,-1,-1,-1,-1,-1
1474435860,60,11,915,0,13205,0,-1,35,32
1474435920,1920,-1,-1,-1,-1,-1,-1,-1,-1
1474437840,120,-1,-1,-1,-1,-1,1,-1,-1
1474437960,2220,-1,-1,-1,-1,-1,2,-1,-1
1474440180,720,-1,-1,-1,-1,-1,1,-1,-1
1474440900,600,-1,-1,-1,-1,-1,2,-1,-1
1474441500,720,-1,-1,-1,-1,-1,1,-1,-1
1474442220,1740,-1,-1,-1,-1,-1,2,-1,-1
1474443960,1020,-1,-1,-1,-1,-1,2,-1,-1
1474444980,780,-1,-1,-1,-1,-1,1,-1,-1
1474445760,2820,-1,-1,-1,-1,-1,2,-1,-1
1474448580,360,-1,-1,-1,-1,-1,2,-1,-1
1474448940,1020,-1,-1,-1,-1,-1,1,-1,-1
1474449960,360,-1,-1,-1,-1,-1,1,-1,-1
1474450320,180,-1,-1,-1,-1,-1,2,-1,-1
1474450500,540,-1,-1,-1,-1,-1,0,-1,-1
1474451040,240,-1,-1,-1,-1,-1,1,-1,-1
1474451280,6060,-1,-1,-1,-1,-1,2,-1,-1
1474457340,780,-1,-1,-1,-1,-1,1,-1,-1
1474458120,480,-1,-1,-1,-1,-1,2,-1,-1
1474458600,1080,-1,-1,-1,-1,-1,1,-1,-1
1474459680,720,-1,-1,-1,-1,-1,2,-1,-1
1474460400,540,-1,-1,-1,-1,-1,1,-1,-1
1474460940,2460,-1,-1,-1,-1,-1,2,-1,-1
1474463400,1020,-1,-1,-1,-1,-1,1,-1,-1
1474464420,1020,-1,-1,-1,-1,-1,0,-1,-1
1474465440,4020,-1,-1,-1,-1,-1,1,-1,-1
1474469460,240,-1,-1,-1,-1,-1,2,-1,-1
1474469700,360,-1,-1,-1,-1,-1,1,-1,-1
1474470060,840,-1,-1,-1,-1,-1,-1,-1,-1
1474470900,60,11,924,0,13205,0,-1,0,0
1474470960,60,-1,-1,-1,-1,-1,-1,-1,-1
1474471020,60,7,611,0,13582,0,-1,0,0
1474471080,60,-1,-1,-1,-1,-1,-1,-1,-1
1474471140,60,10,895,0,15255,0,-1,0,0
1474471200,120,-1,-1,-1,-1,-1,-1,-1,-1
1474471320,60,8,662,0,15831,0,-1,0,0
1474471380,60,34,2689,0,15773,0,-1,0,0
1474471440,60,14,1177,0,14615,0,-1,0,0
1474471500,60,-1,-1,-1,-1,-1,-1,-1,-1
1474471560,60,5,439,0,13198,0,-1,0,0
1474471620,960,-1,-1,-1,-1,-1,-1,-1,-1
1474472580,60,9,673,0,13203,1,-1,0,0
1474472640,60,-1,-1,-1,-1,-1,-1,-1,-1
1474472700,60,6,466,0,12554,1,-1,0,0
1474472760,60,-1,-1,-1,-1,-1,-1,-1,-1
1474472820,60,7,616,0,13134,0,-1,0,0
1474472880,60,25,2008,0,14679,0,-1,0,0
1474472940,900,-1,-1,-1,-1,-1,-1,-1,-1
1474473840,60,17,1343,0,12562,0,-1,52,51
1474473900,60,11,929,0,13141,0,-1,36,31
1474473960,60,107,8885,0,14456,0,-1,345,356
1474474020,60,124,10577,0,14904,0,-1,411,417
1474474080,60,120,10018,0,14968,0,-1,389,400
1474474140,60,119,9863,0,14456,0,-1,382,395
1474474200,60,35,2755,0,13732,0,-1,107,112
1474474260,60,-1,-1,-1,-1,-1,-1,-1,-1
1474474320,60,77,6329,0,13555,0,-1,246,249
1474474380,600,-1,-1,-1,-1,-1,-1,-1,-1
1474474980,1080,-1,-1,-1,-1,-1,-1,-1,-1
1474476060,60,59,4747,0,13548,0,-1,184,187
1474476120,60,14,1158,0,14614,0,-1,44,43
1474476180,60,78,6252,0,14067,0,-1,242,243
1474476240,60,11,892,0,13205,0,-1,34,38
1474476300,720,-1,-1,-1,-1,-1,-1,-1,-1
1474477020,60,5,419,0,12619,0,-1,16,14
1474477080,1320,-1,-1,-1,-1,-1,-1,-1,-1
1474478400,60,72,5819,0,13995,0,-1,225,225
1474478460,60,51,4153,0,14629,0,-1,161,157
1474478520,60,38,3051,0,14044,0,-1,118,118
1474478580,60,33,2713,0,13534,0,-1,105,106
1474478640,1380,-1,-1,-1,-1,-1,-1,-1,-1
1474480020,900,-1,-1,-1,-1,-1,-1,-1,-1
1474480920,60,59,4815,0,14627,0,-1,187,185
1474480980,60,24,1875,0,14686,0,-1,72,72
1474481040,60,41,3202,0,14109,0,-1,124,122
1474481100,60,21,1700,0,13203,0,-1,66,64
1474481160,60,114,9381,0,14969,0,-1,364,374
1474481220,60,119,9859,0,14904,0,-1,382,395
1474481280,60,118,9755,0,14904,0,-1,378,392
1474481340,60,107,8813,0,14392,0,-1,342,353
1474481400,60,116,9451,0,14392,0,-1,367,383
1474481460,60,102,8109,0,14457,0,-1,315,333
1474481520,60,-1,-1,-1,-1,-1,-1,-1,-1
1474481580,60,9,710,0,12627,0,-1,27,26
1474481640,60,19,1529,0,13142,0,-1,59,54
1474481700,60,114,9467,0,14649,0,-1,367,371
1474481760,60,119,9868,0,14520,0,-1,384,396
1474481820,60,120,9976,0,14456,0,-1,387,399
1474481880,60,106,8786,0,14456,0,-1,340,352
1474481940,60,117,9567,0,14584,0,-1,372,387
1474482000,60,91,7241,0,14010,0,-1,281,293
1474482060,60,6,536,0,12683,0,-1,0,0
1474482120,60,2,171,0,12628,0,-1,6,8
1474482180,60,57,4644,0,13484,0,-1,180,184
1474482240,2880,-1,-1,-1,-1,-1,-1,-1,-1
1474485120,60,47,3748,0,13539,0,-1,145,148
1474485180,60,76,6127,0,14067,0,-1,238,243
1474485240,60,41,3488,0,14621,0,-1,135,127
1474485300,60,68,5477,0,13427,0,-1,212,218
1474485360,60,6,500,0,12555,0,-1,19,16
1474485420,1440,-1,-1,-1,-1,-1,-1,-1,-1
1474486860,60,30,2465,0,13597,0,-1,95,90
1474486920,60,30,2418,0,13019,0,-1,94,100
1474486980,60,-1,-1,-1,-1,-1,-1,-1,-1
1474487040,60,92,7270,0,14009,0,-1,282,296
1474487100,60,106,8718,0,14520,0,-1,338,351
1474487160,60,118,9701,0,14456,0,-1,377,391
1474487220,60,119,9868,0,15032,0,-1,384,396
1474487280,60,83,6825,0,14450,0,-1,265,274
1474487340,60,13,1042,0,13078,0,-1,40,39
1474487400,60,7,540,0,13260,0,-1,21,17
1474487460,60,6,487,0,13647,0,-1,18,16
1474487520,60,-1,-1,-1,-1,-1,-1,-1,-1
1474487580,60,33,2620,0,14557,0,-1,101,98
1474487640,60,29,2308,0,13149,0,-1,89,89
1474487700,60,117,9611,0,14457,0,-1,372,380
1474487760,60,119,9877,0,15032,0,-1,384,396
1474487820,60,111,8795,0,14008,0,-1,341,363
1474487880,60,116,9408,0,14456,0,-1,365,382
1474487940,60,23,1753,0,13018,0,-1,68,75
1474488000,60,6,455,0,12426,0,-1,17,15
1474488060,60,55,4373,0,13603,0,-1,169,172
1474488120,60,19,1525,0,13085,0,-1,59,63
1474488180,540,-1,-1,-1,-1,-1,-1,-1,-1
1474488720,1260,-1,-1,-1,-1,-1,-1,-1,-1
1474489980,60,-1,-1,-1,-1,-1,-1,-1,-1
1474490040,60,22,1732,0,13653,0,-1,67,65
1474490100,60,53,4163,0,14508,0,-1,161,171
1474490160,60,25,1971,0,14614,0,-1,76,69
1474490220,60,28,2281,0,13212,0,-1,88,89
1474490280,60,24,1992,0,13139,0,-1,77,71
1474490340,60,12,908,0,12689,0,-1,35,33
1474490400,60,63,4834,0,13041,0,-1,187,203
1474490460,420,-1,-1,-1,-1,-1,-1,-1,-1
1474490880,60,84,6653,0,13490,0,-1,258,269
1474490940,60,80,6477,0,14578,0,-1,251,265
1474491000,120,-1,-1,-1,-1,-1,-1,-1,-1
1474491120,60,115,9335,0,14457,0,-1,362,374
1474491180,60,83,6816,0,14002,0,-1,265,272
1474491240,60,71,5595,0,13482,0,-1,217,222
1474491300,60,24,1906,0,13596,0,-1,73,77
1474491360,1020,-1,-1,-1,-1,-1,-1,-1,-1
1474492380,60,12,953,0,13590,0,-1,37,35
1474492440,900,-1,-1,-1,-1,-1,-1,-1,-1
1474493340,60,7,551,0,12682,0,-1,21,19
1474493400,360,-1,-1,-1,-1,-1,-1,-1,-1
1474493760,2100,-1,-1,-1,-1,-1,-1,-1,-1
1474495860,60,17,1323,0,14103,0,-1,51,48
1474495920,120,-1,-1,-1,-1,-1,-1,-1,-1
1474496040,60,62,4929,0,13610,0,-1,191,201
1474496100,60,103,8272,0,13433,0,-1,321,330
1474496160,60,111,8897,0,13369,0,-1,345,361
1474496220,60,83,6708,0,14002,0,-1,260,272
1474496280,60,27,2213,0,14614,0,-1,86,81
1474496340,60,50,3823,0,12906,0,-1,148,159
1474496400,60,30,2238,0,12506,0,-1,86,90
1474496460,180,-1,-1,-1,-1,-1,-1,-1,-1
1474496640,60,20,1641,0,13074,0,-1,63,60
1474496700,60,48,3821,0,13099,0,-1,148,157
1474496760,60,82,6614,0,13490,0,-1,257,261
1474496820,180,-1,-1,-1,-1,-1,-1,-1,-1
1474497000,60,-1,-1,-1,-1,-1,-1,-1,-1
1474497060,60,6,530,0,13070,0,-1,20,17
1474497120,60,60,4703,0,14059,0,-1,182,188
1474497180,120,-1,-1,-1,-1,-1,-1,-1,-1
1474497300,60,97,7974,0,14521,0,-1,310,315
1474497360,60,117,9589,0,14456,0,-1,372,387
1474497420,60,117,9554,0,14392,0,-1,371,386
1474497480,60,105,8414,0,14457,0,-1,326,346
1474497540,1020,-1,-1,-1,-1,-1,-1,-1,-1
1474498560,660,-1,-1,-1,-1,-1,-1,-1,-1
1474499220,60,20,1547,0,13075,1,-1,60,59
1474499280,60,67,5334,0,14130,0,-1,207,221
1474499340,60,-1,-1,-1,-1,-1,-1,-1,-1
1474499400,60,17,1319,0,13012,0,-1,51,49
1474499460,60,115,9305,0,14520,0,-1,362,379
1474499520,60,46,3615,0,13604,0,-1,140,144
1474499580,60,19,1474,0,13078,0,-1,57,55
1474499640,60,14,1132,0,13204,0,-1,44,40
1474499700,420,-1,-1,-1,-1,-1,-1,-1,-1
1474500120,60,-1,-1,-1,-1,-1,-1,-1,-1
1474500180,2460,-1,-1,-1,-1,-1,-1,-1,-1
1474502640,480,-1,-1,-1,-1,-1,-1,-1,-1
1474503120,1680,-1,-1,-1,-1,-1,-1,-1,-1
1474504800,50160,-1,-1,-1,-1,-1,-1,-1,-1
1474554960,60,-1,-1,-1,-1,-1,-1,-1,-1
1474555020,60,33,2577,0,14109,2,-1,100,102
1474555080,60,27,2170,0,14615,0,-1,84,71
1474555140,60,6,442,0,13067,0,-1,17,14
1474555200,960,-1,-1,-1,-1,-1,-1,-1,-1
1474556160,60,16,1246,0,14103,0,-1,48,45
1474556220,60,-1,-1,-1,-1,-1,-1,-1,-1
1474556280,60,13,1022,0,13141,0,-1,39,38
1474556340,60,-1,-1,-1,-1,-1,-1,-1,-1
1474556400,60,75,6123,0,14002,0,-1,238,240
1474556460,60,120,10018,0,14392,0,-1,389,400
1474556520,60,119,9886,0,14392,0,-1,384,396
1474556580,60,116,9455,0,13880,0,-1,367,383
1474556640,60,103,8687,0,14649,0,-1,337,345
1474556700,300,-1,-1,-1,-1,-1,-1,-1,-1
1474557000,60,108,8556,0,13369,0,-1,332,346
1474557060,60,112,8909,0,14008,0,-1,346,367
1474557120,60,66,5166,0,12977,0,-1,200,212
1474557180,60,-1,-1,-1,-1,-1,-1,-1,-1
1474557240,600,-1,-1,-1,-1,-1,-1,-1,-1
1474557840,60,44,3449,0,13660,0,-1,134,130
1474557900,60,70,5743,0,14130,0,-1,223,228
1474557960,60,46,3782,0,13026,0,-1,146,151
1474558020,120,-1,-1,-1,-1,-1,-1,-1,-1
1474558140,60,59,4726,0,13483,0,-1,183,188
1474558200,60,96,7497,0,14201,0,-1,291,309
1474558260,60,35,2739,0,13668,0,-1,106,110
1474558320,960,-1,-1,-1,-1,-1,-1,-1,-1
1474559280,780,-1,-1,-1,-1,-1,-1,-1,-1
1474560060,60,54,4296,0,13548,0,-1,166,173
1474560120,60,29,2407,0,13598,0,-1,93,92
1474560180,60,80,6443,0,13491,0,-1,250,253
1474560240,60,24,1944,0,13022,0,-1,75,79
1474560300,60,59,4646,0,14123,0,-1,180,184
1474560360,60,5,389,0,12564,0,-1,15,16
1474560420,60,18,1444,0,13654,0,-1,56,51
1474560480,60,93,7371,0,13498,0,-1,286,300
1474560540,120,-1,-1,-1,-1,-1,-1,-1,-1
1474560660,60,105,8431,0,14009,0,-1,327,335
1474560720,60,28,2111,0,13020,0,-1,81,91
1474560780,60,87,7049,0,14002,0,-1,274,281
1474560840,60,64,5191,0,13547,0,-1,201,207
1474560900,60,17,1323,0,12950,0,-1,51,52
1474560960,360,-1,-1,-1,-1,-1,-1,-1,-1
1474561320,780,-1,-1,-1,-1,-1,-1,-1,-1
1474562100,60,6,442,0,12620,1,-1,17,14
1474562160,720,-1,-1,-1,-1,-1,-1,-1,-1
1474562880,60,10,764,0,13142,1,-1,29,27
1474562940,60,50,4046,0,12965,0,-1,157,158
1474563000,60,101,8053,0,14010,0,-1,312,320
1474563060,60,34,2666,0,13533,0,-1,103,108
1474563120,60,15,1205,0,13591,0,-1,46,41
1474563180,60,61,4792,0,13483,0,-1,186,196
1474563240,60,103,8340,0,14009,0,-1,323,336
1474563300,60,58,4725,0,13547,0,-1,183,188
1474563360,60,22,1781,0,13150,0,-1,69,68
1474563420,180,-1,-1,-1,-1,-1,-1,-1,-1
1474563600,240,-1,-1,-1,-1,-1,-1,-1,-1
1474563840,60,-1,-1,-1,-1,-1,-1,-1,-1
1474563900,300,-1,-1,-1,-1,-1,-1,-1,-1
1474564200,60,51,3978,0,13541,0,-1,154,154
1474564260,60,43,3602,0,14557,0,-1,140,134
1474564320,60,46,3687,0,13603,0,-1,143,145
1474564380,60,62,4925,0,14187,0,-1,191,194
1474564440,60,78,6362,0,14066,0,-1,247,258
1474564500,300,-1,-1,-1,-1,-1,-1,-1,-1
1474564800,60,61,4977,0,14059,0,-1,193,193
1474564860,60,77,6268,0,14066,0,-1,243,247
1474564920,60,-1,-1,-1,-1,-1,-1,-1,-1
1474564980,60,16,1164,0,12562,0,-1,45,46
1474565040,60,-1,-1,-1,-1,-1,-1,-1,-1
1474565100,60,11,811,0,12498,0,-1,31,30
1474565160,180,-1,-1,-1,-1,-1,-1,-1,-1
1474565340,60,32,2539,0,13084,0,-1,98,99
1474565400,60,52,4221,0,13612,0,-1,164,169
1474565460,60,25,2029,0,13076,0,-1,78,74
1474565520,60,48,3935,0,13995,0,-1,152,159
1474565580,2340,-1,-1,-1,-1,-1,-1,-1,-1
1474567920,60,60,4862,0,14060,0,-1,188,193
1474567980,60,14,1099,0,13591,0,-1,42,39
1474568040,60,35,2779,0,13662,0,-1,107,104
1474568100,60,48,3896,0,14116,0,-1,151,156
1474568160,780,-1,-1,-1,-1,-1,-1,-1,-1
1474568940,60,58,4612,0,13547,0,-1,179,184
1474569000,60,-1,-1,-1,-1,-1,-1,-1,-1
1474569060,60,9,718,0,12490,0,-1,27,23
1474569120,60,118,9728,0,14456,0,-1,377,391
1474569180,60,109,9140,0,14456,0,-1,354,363
1474569240,60,120,10022,0,14456,0,-1,389,400
1474569300,60,116,9495,0,14520,0,-1,368,384
1474569360,60,27,2218,0,13149,0,-1,86,88
1474569420,60,7,590,0,13007,0,-1,22,19
1474569480,60,14,1092,0,14100,0,-1,42,39
1474569540,60,10,820,0,13519,0,-1,31,26
1474569600,60,9,683,0,14166,0,-1,26,30
1474569660,60,-1,-1,-1,-1,-1,-1,-1,-1
1474569720,60,12,982,0,12691,0,-1,38,32
1474569780,60,102,8358,0,13945,0,-1,324,334
1474569840,60,119,9850,0,14392,0,-1,382,395
1474569900,60,118,9755,0,14392,0,-1,378,392
1474569960,60,118,9710,0,14392,0,-1,377,391
1474570020,60,72,5599,0,12977,0,-1,217,232
1474570080,60,28,2260,0,12442,0,-1,87,85
1474570140,60,85,6853,0,13490,0,-1,265,276
1474570200,60,48,3850,0,13027,0,-1,149,153
1474570260,1260,-1,-1,-1,-1,-1,-1,-1,-1
1474571520,60,48,3846,0,13476,0,-1,149,148
1474571580,60,12,937,0,12435,0,-1,36,39
1474571640,60,-1,-1,-1,-1,-1,-1,-1,-1
1474571700,60,43,3380,0,12962,0,-1,131,131
1474571760,60,84,6785,0,13490,0,-1,263,278
1474571820,60,121,10071,0,14393,0,-1,391,398
1474571880,60,44,3493,0,13476,0,-1,135,141
1474571940,240,-1,-1,-1,-1,-1,-1,-1,-1
1474572180,60,-1,-1,-1,-1,-1,-1,-1,-1
1474572240,60,48,3900,0,13026,0,-1,151,150
1474572300,60,109,8904,0,13945,0,-1,345,356
1474572360,60,116,9473,0,13944,0,-1,368,384
1474572420,60,14,1111,0,12497,0,-1,43,46
1474572480,60,52,4200,0,13026,0,-1,163,164
1474572540,60,10,816,0,13526,0,-1,31,34
1474572600,120,-1,-1,-1,-1,-1,-1,-1,-1
1474572720,60,88,7076,0,13490,0,-1,274,276
1474572780,600,-1,-1,-1,-1,-1,-1,-1,-1
1474573380,480,-1,-1,-1,-1,-1,-1,-1,-1
1474573860,60,22,1798,0,14103,0,-1,69,62
1474573920,60,-1,-1,-1,-1,-1,-1,-1,-1
1474573980,60,39,3111,0,13477,0,-1,120,124
1474574040,60,42,3388,0,13028,0,-1,131,134
1474574100,1080,-1,-1,-1,-1,-1,-1,-1,-1
1474575180,60,7,533,0,12681,0,-1,20,19
1474575240,420,-1,-1,-1,-1,-1,-1,-1,-1
1474575660,60,17,1439,0,13012,0,-1,55,53
1474575720,60,90,7184,0,14002,0,-1,278,284
1474575780,60,19,1555,0,14615,0,-1,60,59
1474575840,60,60,4566,0,14123,0,-1,177,186
1474575900,60,42,3283,0,13475,0,-1,127,133
1474575960,600,-1,-1,-1,-1,-1,-1,-1,-1
1474576560,60,-1,-1,-1,-1,-1,-1,-1,-1
1474576620,1560,-1,-1,-1,-1,-1,-1,-1,-1
1474578180,60,24,1931,0,13654,0,-1,75,71
1474578240,60,47,3748,0,13610,0,-1,145,155
1474578300,60,14,1062,0,13140,0,-1,41,36
1474578360,60,73,5793,0,13041,0,-1,225,236
1474578420,60,-1,-1,-1,-1,-1,-1,-1,-1
1474578480,60,20,1619,0,13077,0,-1,62,60
1474578540,240,-1,-1,-1,-1,-1,-1,-1,-1
1474578780,60,88,6903,0,13489,0,-1,268,282
1474578840,60,105,8558,0,13944,0,-1,332,346
1474578900,60,111,8811,0,13944,0,-1,342,364
1474578960,60,92,7154,0,13945,0,-1,277,299
1474579020,120,-1,-1,-1,-1,-1,-1,-1,-1
1474579140,60,24,1992,0,13588,0,-1,77,74
1474579200,60,55,4486,0,13482,0,-1,174,177
1474579260,60,11,897,0,13717,0,-1,34,33
1474579320,60,20,1615,0,13589,0,-1,62,60
1474579380,300,-1,-1,-1,-1,-1,-1,-1,-1
1474579680,60,7,577,0,12619,0,-1,22,18
1474579740,180,-1,-1,-1,-1,-1,-1,-1,-1
1474579920,60,7,547,0,14159,0,-1,21,19
1474579980,60,12,930,0,14167,0,-1,36,32
1474580040,60,13,1034,0,14103,0,-1,40,37
1474580100,60,6,509,0,13519,0,-1,19,16
1474580160,420,-1,-1,-1,-1,-1,-1,-1,-1
1474580580,60,8,625,0,13134,0,-1,24,20
1474580640,60,6,536,0,13071,0,-1,20,17
1474580700,60,7,581,0,13583,0,-1,22,19
1474580760,60,6,525,0,12556,0,-1,20,17
1474580820,480,-1,-1,-1,-1,-1,-1,-1,-1
1474581300,60,7,627,0,12502,0,-1,24,22
1474581360,60,-1,-1,-1,-1,-1,-1,-1,-1
1474581420,60,6,452,0,12619,0,-1,17,15
1474581480,60,8,713,0,12555,0,-1,27,23
1474581540,60,15,1272,0,13142,0,-1,49,49
1474581600,540,-1,-1,-1,-1,-1,-1,-1,-1
1474582140,480,-1,-1,-1,-1,-1,-1,-1,-1
1474582620,60,21,1621,0,13078,1,-1,62,60
1474582680,120,-1,-1,-1,-1,-1,-1,-1,-1
1474582800,60,61,4999,0,13482,0,-1,194,194
1474582860,60,117,9611,0,13944,0,-1,373,388
1474582920,60,105,8575,0,13880,0,-1,332,346
1474582980,60,114,9157,0,14456,0,-1,355,374
1474583040,60,113,9043,0,14392,0,-1,351,371
1474583100,60,110,8663,0,13880,0,-1,336,359
1474583160,60,66,5201,0,14514,0,-1,202,214
1474583220,60,-1,-1,-1,-1,-1,-1,-1,-1
1474583280,60,55,4345,0,14115,0,-1,168,170
1474583340,60,27,2196,0,14111,0,-1,85,80
1474583400,60,6,566,0,13583,0,-1,22,18
1474583460,60,15,1244,0,14167,0,-1,48,42
1474583520,420,-1,-1,-1,-1,-1,-1,-1,-1
1474583940,60,7,551,0,12691,0,-1,21,19
1474584000,240,-1,-1,-1,-1,-1,-1,-1,-1
1474584240,60,9,743,0,13583,0,-1,28,23
1474584300,1020,-1,-1,-1,-1,-1,-1,-1,-1
1474585320,60,6,487,0,12556,0,-1,0,0
1474585380,60,1,105,0,13647,0,-1,4,4
1474585440,120,-1,-1,-1,-1,-1,-1,-1,-1
1474585560,60,-1,-1,-1,-1,-1,-1,-1,-1
1474585620,60,9,834,0,14103,0,-1,32,28
1474585680,1020,-1,-1,-1,-1,-1,-1,-1,-1
1474586700,60,56,4426,0,13026,0,-1,171,172
1474586760,60,22,1721,0,12505,0,-1,66,69
1474586820,60,-1,-1,-1,-1,-1,-1,-1,-1
1474586880,60,35,2691,0,13146,0,-1,104,102
1474586940,60,-1,-1,-1,-1,-1,-1,-1,-1
1474587000,60,74,5742,0,12979,0,-1,222,228
1474587060,60,71,5249,0,12978,0,-1,203,217
1474587120,60,91,6966,0,13490,0,-1,270,281
1474587180,60,92,7464,0,14585,0,-1,290,300
1474587240,60,9,691,0,12682,0,-1,26,22
1474587300,60,107,8835,0,14456,0,-1,343,354
1474587360,60,116,9486,0,14456,0,-1,368,384
1474587420,60,116,9425,0,14392,0,-1,365,382
1474587480,60,115,9305,0,14392,0,-1,362,379
1474587540,60,103,8297,0,13880,0,-1,322,338
1474587600,60,43,3255,0,13154,0,-1,126,137
1474587660,60,-1,-1,-1,-1,-1,-1,-1,-1
1474587720,60,6,445,0,12427,0,-1,17,15
1474587780,240,-1,-1,-1,-1,-1,-1,-1,-1
1474588020,60,51,4265,0,13538,0,-1,165,164
1474588080,60,115,9489,0,15033,0,-1,369,378
1474588140,60,101,8044,0,13944,0,-1,312,331
1474588200,60,114,9207,0,14392,0,-1,358,376
1474588260,60,114,9136,0,14392,0,-1,355,374
1474588320,60,78,6108,0,13490,0,-1,237,252
1474588380,60,6,514,0,12493,0,-1,20,17
1474588440,60,38,3089,0,14620,0,-1,120,120
1474588500,60,23,1906,0,13655,0,-1,74,67
1474588560,60,-1,-1,-1,-1,-1,-1,-1,-1
1474588620,60,9,718,0,14103,0,-1,27,26
1474588680,60,57,4472,0,15148,0,-1,173,177
1474588740,780,-1,-1,-1,-1,-1,-1,-1,-1
1474589520,1800,-1,-1,-1,-1,-1,-1,-1,-1
1474591320,840,-1,-1,-1,-1,-1,-1,-1,-1
1474592160,1800,-1,-1,-1,-1,-1,-1,-1,-1
1474593960,780,-1,-1,-1,-1,-1,-1,-1,-1
1474594740,120,-1,-1,-1,-1,-1,-1,-1,-1
1474594860,60,11,817,0,13527,0,-1,31,27
1474594920,60,24,1867,0,13463,0,-1,72,66
1474594980,60,2,154,0,13527,0,-1,5,7
1474595040,60,-1,-1,-1,-1,-1,-1,-1,-1
1474595100,60,8,617,0,14479,0,-1,24,20
1474595160,60,18,1510,0,14487,0,-1,58,55
1474595220,60,10,731,0,12938,0,-1,28,25
1474595280,120,-1,-1,-1,-1,-1,-1,-1,-1
1474595400,60,17,1327,0,13587,0,-1,51,51
1474595460,120,-1,-1,-1,-1,-1,-1,-1,-1
1474595580,60,15,1154,0,13074,0,-1,44,44
1474595640,60,8,583,0,13204,0,-1,22,20
1474595700,60,87,6913,0,14450,0,-1,269,274
1474595760,60,114,9199,0,14392,0,-1,356,375
1474595820,60,97,7696,0,13945,0,-1,299,314
1474595880,60,19,1376,0,13020,0,-1,53,57
1474595940,180,-1,-1,-1,-1,-1,-1,-1,-1
1474596120,60,79,6426,0,13554,0,-1,249,255
1474596180,60,103,8302,0,13880,0,-1,322,338
1474596240,60,115,9288,0,13880,0,-1,360,378
1474596300,60,58,4608,0,12970,0,-1,178,189
1474596360,60,29,2261,0,13598,0,-1,87,84
1474596420,60,9,636,0,13142,0,-1,24,22
1474596480,540,-1,-1,-1,-1,-1,-1,-1,-1
1474597020,60,10,740,0,13652,0,-1,28,27
1474597080,180,-1,-1,-1,-1,-1,-1,-1,-1
1474597260,60,-1,-1,-1,-1,-1,-1,-1,-1
1474597320,660,-1,-1,-1,-1,-1,-1,-1,-1
1474597980,120,-1,-1,-1,-1,-1,-1,-1,-1
1474598100,60,8,641,0,14679,0,-1,24,22
1474598160,600,-1,-1,-1,-1,-1,-1,-1,-1
1474598760,60,8,653,0,13141,0,-1,25,24
1474598820,120,-1,-1,-1,-1,-1,-1,-1,-1
1474598940,60,6,470,0,13132,0,-1,18,15
1474599000,180,-1,-1,-1,-1,-1,-1,-1,-1
1474599180,120,-1,-1,-1,-1,-1,-1,-1,-1
1474599300,180,-1,-1,-1,-1,-1,-1,-1,-1
1474599480,60,9,702,0,13205,0,-1,27,26
1474599540,60,21,1717,0,13138,0,-1,66,59
1474599600,120,-1,-1,-1,-1,-1,-1,-1,-1
1474599720,60,9,691,0,13139,0,-1,26,25
1474599780,240,-1,-1,-1,-1,-1,-1,-1,-1
1474600020,60,9,815,0,12618,0,-1,31,26
1474600080,300,-1,-1,-1,-1,-1,-1,-1,-1
1474600380,60,6,474,0,12682,0,-1,18,15
1474600440,120,-1,-1,-1,-1,-1,-1,-1,-1
1474600560,420,-1,-1,-1,-1,-1,-1,-1,-1
1474600980,600,-1,-1,-1,-1,-1,-1,-1,-1
1474601580,60,8,629,0,13654,1,-1,24,22
1474601640,360,-1,-1,-1,-1,-1,-1,-1,-1
1474602000,60,19,1533,0,14551,0,-1,59,54
1474602060,600,-1,-1,-1,-1,-1,-1,-1,-1
1474602660,60,-1,-1,-1,-1,-1,-1,-1,-1
1474602720,60,22,1934,0,13654,0,-1,75,69
1474602780,300,-1,-1,-1,-1,-1,-1,-1,-1
1474603080,1440,-1,-1,-1,-1,-1,-1,-1,-1
1474604520,60,7,586,0,12681,0,-1,22,19
1474604580,840,-1,-1,-1,-1,-1,-1,-1,-1
1474605420,60,9,762,0,13205,1,-1,29,26
1474605480,840,-1,-1,-1,-1,-1,-1,-1,-1
1474606320,780,-1,-1,-1,-1,-1,-1,-1,-1
1474607100,420,-1,-1,-1,-1,-1,1,-1,-1
1474607520,1980,-1,-1,-1,-1,-1,2,-1,-1
1474609500,720,-1,-1,-1,-1,-1,1,-1,-1
1474610220,1140,-1,-1,-1,-1,-1,2,-1,-1
1474611360,720,-1,-1,-1,-1,-1,1,-1,-1
1474612080,1140,-1,-1,-1,-1,-1,2,-1,-1
1474613220,660,-1,-1,-1,-1,-1,2,-1,-1
1474613880,840,-1,-1,-1,-1,-1,1,-1,-1
1474614720,660,-1,-1,-1,-1,-1,2,-1,-1
1474615380,540,-1,-1,-1,-1,-1,1,-1,-1
1474615920,1860,-1,-1,-1,-1,-1,2,-1,-1
1474617780,780,-1,-1,-1,-1,-1,1,-1,-1
1474618560,1980,-1,-1,-1,-1,-1,2,-1,-1
1474620540,720,-1,-1,-1,-1,-1,1,-1,-1
1474621260,660,-1,-1,-1,-1,-1,2,-1,-1
1474621920,1740,-1,-1,-1,-1,-1,1,-1,-1
1474623660,4080,-1,-1,-1,-1,-1,2,-1,-1
1474627740,540,-1,-1,-1,-1,-1,0,-1,-1
1474628280,180,-1,-1,-1,-1,-1,1,-1,-1
1474628460,1800,-1,-1,-1,-1,-1,2,-1,-1
1474630260,720,-1,-1,-1,-1,-1,1,-1,-1
1474630980,4860,-1,-1,-1,-1,-1,2,-1,-1
1474635840,480,-1,-1,-1,-1,-1,1,-1,-1
1474636320,360,-1,-1,-1,-1,-1,2,-1,-1
1474636680,1260,-1,-1,-1,-1,-1,1,-1,-1
1474637940,540,-1,-1,-1,-1,-1,2,-1,-1
1474638480,540,-1,-1,-1,-1,-1,1,-1,-1
1474639020,720,-1,-1,-1,-1,-1,0,-1,-1
1474639740,180,-1,-1,-1,-1,-1,-1,-1,-1
1474639920,60,27,2245,0,15191,0,-1,0,0
1474639980,60,18,1340,0,15063,0,-1,0,0
1474640040,60,19,1559,0,14679,0,-1,0,0
1474640100,420,-1,-1,-1,-1,-1,-1,-1,-1
1474640520,60,8,636,0,13141,0,-1,0,0
1474640580,300,-1,-1,-1,-1,-1,-1,-1,-1
1474640880,60,11,884,0,13202,0,-1,0,0
1474640940,540,-1,-1,-1,-1,-1,-1,-1,-1
1474641480,60,19,1455,0,13653,1,-1,0,0
1474641540,240,-1,-1,-1,-1,-1,-1,-1,-1
1474641780,60,18,1487,0,13138,0,-1,0,0
1474641840,60,7,605,0,13067,0,-1,0,0
1474641900,60,26,1996,0,14166,0,-1,77,73
1474641960,840,-1,-1,-1,-1,-1,-1,-1,-1
1474642800,60,23,1805,0,13652,0,-1,70,65
1474642860,60,12,969,0,15063,0,-1,37,34
1474642920,60,10,811,0,12564,0,-1,31,27
1474642980,60,82,6704,0,13553,0,-1,260,267
1474643040,60,119,9900,0,14904,0,-1,385,397
1474643100,60,119,9831,0,14392,0,-1,381,394
1474643160,60,117,9611,0,14968,0,-1,373,388
1474643220,60,106,8700,0,14392,0,-1,338,351
1474643280,60,115,9318,0,14392,0,-1,362,379
1474643340,60,115,9310,0,15032,0,-1,362,379
1474643400,60,115,9352,0,14456,0,-1,363,380
1474643460,60,117,9571,0,14392,0,-1,372,387
1474643520,60,103,8319,0,14456,0,-1,323,339
1474643580,60,86,6617,0,14010,0,-1,256,274
1474643640,120,-1,-1,-1,-1,-1,-1,-1,-1
1474643760,60,18,1324,0,14167,0,-1,51,48
1474643820,60,10,718,0,13655,0,-1,27,26
1474643880,60,11,981,0,13590,0,-1,38,36
1474643940,480,-1,-1,-1,-1,-1,-1,-1,-1
1474644420,60,6,463,0,12942,0,-1,18,15
1474644480,120,-1,-1,-1,-1,-1,-1,-1,-1
1474644600,60,22,1728,0,13590,0,-1,67,65
1474644660,480,-1,-1,-1,-1,-1,-1,-1,-1
1474645140,1080,-1,-1,-1,-1,-1,-1,-1,-1
1474646220,60,8,662,0,13140,1,-1,25,23
1474646280,120,-1,-1,-1,-1,-1,-1,-1,-1
1474646400,360,-1,-1,-1,-1,-1,-1,-1,-1
1474646760,1860,-1,-1,-1,-1,-1,-1,-1,-1
1474648620,1740,-1,-1,-1,-1,-1,-1,-1,-1
1474650360,60,64,5008,0,14060,0,-1,194,198
1474650420,60,6,413,0,14159,0,-1,16,14
1474650480,60,51,3997,0,14053,0,-1,155,156
1474650540,180,-1,-1,-1,-1,-1,-1,-1,-1
1474650720,60,6,520,0,13583,0,-1,20,17
1474650780,240,-1,-1,-1,-1,-1,-1,-1,-1
1474651020,60,8,641,0,13014,0,-1,24,22
1474651080,60,14,1059,0,13139,0,-1,41,41
1474651140,480,-1,-1,-1,-1,-1,-1,-1,-1
1474651620,2580,-1,-1,-1,-1,-1,-1,-1,-1
1474654200,3180,-1,-1,-1,-1,-1,-1,-1,-1
1474657380,60,7,536,0,14095,0,-1,20,17
1474657440,60,69,5622,0,14060,0,-1,218,218
1474657500,60,119,9891,0,15032,0,-1,384,396
1474657560,60,123,10422,0,14904,0,-1,404,412
1474657620,60,123,10437,0,14968,0,-1,406,413
1474657680,60,110,9288,0,14392,0,-1,360,368
1474657740,60,122,10284,0,14968,0,-1,399,408
1474657800,60,123,10432,0,14968,0,-1,404,412
1474657860,60,120,10055,0,14904,0,-1,390,401
1474657920,60,120,9972,0,14392,0,-1,387,399
1474657980,60,106,8723,0,14392,0,-1,338,351
1474658040,60,27,2162,0,14174,0,-1,84,84
1474658100,60,12,945,0,13140,0,-1,36,35
1474658160,60,20,1619,0,14615,0,-1,62,56
1474658220,60,-1,-1,-1,-1,-1,-1,-1,-1
1474658280,60,14,1167,0,14103,0,-1,45,40
1474658340,60,14,1154,0,14231,0,-1,44,39
1474658400,60,12,926,0,12500,0,-1,36,32
1474658460,60,118,9746,0,14456,0,-1,378,392
1474658520,60,117,9589,0,14392,0,-1,372,387
1474658580,60,118,9710,0,14904,0,-1,377,391
1474658640,60,107,8871,0,14392,0,-1,344,355
1474658700,60,32,2585,0,13147,0,-1,100,104
1474658760,60,26,2073,0,13662,0,-1,80,78
1474658820,60,-1,-1,-1,-1,-1,-1,-1,-1
1474658880,60,9,772,0,13207,0,-1,30,26
1474658940,180,-1,-1,-1,-1,-1,-1,-1,-1
1474659120,60,26,2102,0,13653,0,-1,81,76
1474659180,60,29,2349,0,14174,0,-1,91,87
1474659240,60,10,807,0,13143,0,-1,31,27
1474659300,60,68,5511,0,13995,0,-1,213,218
1474659360,60,49,3995,0,14564,0,-1,155,157
1474659420,60,51,4166,0,13988,0,-1,162,163
1474659480,300,-1,-1,-1,-1,-1,-1,-1,-1
1474659780,60,58,4760,0,14060,0,-1,184,184
1474659840,60,34,2790,0,14053,0,-1,108,113
1474659900,60,33,2687,0,13661,0,-1,104,103
1474659960,2400,-1,-1,-1,-1,-1,-1,-1,-1
1474662360,60,23,1829,0,13011,0,-1,71,66
1474662420,60,75,5992,0,14002,0,-1,232,242
1474662480,60,-1,-1,-1,-1,-1,-1,-1,-1
1474662540,60,46,3846,0,14053,0,-1,149,145
1474662600,60,46,3729,0,13605,0,-1,144,145
1474662660,60,6,470,0,13076,0,-1,18,20
1474662720,780,-1,-1,-1,-1,-1,-1,-1,-1
1474663500,60,45,3670,0,13603,0,-1,142,143
1474663560,180,-1,-1,-1,-1,-1,-1,-1,-1
1474663740,780,-1,-1,-1,-1,-1,-1,-1,-1
1474664520,60,66,5405,0,14699,0,-1,210,208
1474664580,60,64,5191,0,15148,0,-1,202,200
1474664640,60,27,2174,0,14614,0,-1,84,78
1474664700,60,23,1916,0,14742,0,-1,74,69
1474664760,60,-1,-1,-1,-1,-1,-1,-1,-1
1474664820,60,60,4628,0,13610,0,-1,179,185
1474664880,60,118,9674,0,14968,0,-1,376,390
1474664940,60,107,8885,0,14456,0,-1,345,356
1474665000,60,119,9854,0,14968,0,-1,382,395
1474665060,61,114,9178,0,14520,0,-1,356,375
1474665121,59,110,8671,0,14392,0,-1,337,360
1474665180,60,101,8049,0,13944,0,-1,312,331
1474665240,60,104,8362,0,14457,0,-1,324,338
1474665300,60,116,9451,0,14392,0,-1,367,383
1474665360,60,113,9035,0,14520,0,-1,351,371
1474665420,60,113,9076,0,13880,0,-1,352,372
1474665480,60,99,7744,0,13368,0,-1,301,322
1474665540,60,109,8524,0,13368,0,-1,330,355
1474665600,60,111,8776,0,13432,0,-1,341,363
1474665660,60,108,8397,0,13368,0,-1,325,351
1474665720,60,98,7625,0,13368,0,-1,296,318
1474665780,60,111,8795,0,13880,0,-1,341,363
1474665840,60,111,8772,0,13880,0,-1,341,363
1474665900,60,112,8893,0,13880,0,-1,345,366
1474665960,60,111,8807,0,13880,0,-1,342,364
1474666020,60,101,8036,0,13368,0,-1,311,330
1474666080,60,110,8836,0,14457,0,-1,343,358
1474666140,60,115,9327,0,14520,0,-1,362,379
1474666200,60,54,4362,0,13611,0,-1,169,175
1474666260,60,-1,-1,-1,-1,-1,-1,-1,-1
1474666320,60,107,8544,0,13945,0,-1,331,342
1474666380,60,103,8277,0,14584,0,-1,321,337
1474666440,60,115,9348,0,14968,0,-1,363,380
1474666500,60,115,9327,0,14968,0,-1,362,379
1474666560,60,116,9434,0,14392,0,-1,367,383
1474666620,60,104,8429,0,14392,0,-1,326,342
1474666680,60,72,5704,0,14450,0,-1,221,234
1474666740,60,121,9709,0,14521,0,-1,377,389
1474666800,60,100,7841,0,13945,0,-1,304,323
1474666860,60,110,8632,0,14456,0,-1,334,358
1474666920,60,98,7667,0,13944,0,-1,297,319
1474666980,60,108,8386,0,13944,0,-1,325,351
1474667040,60,109,8485,0,13880,0,-1,329,354
1474667100,60,111,8772,0,14456,0,-1,341,363
1474667160,60,100,7943,0,14456,0,-1,308,327
1474667220,60,114,9149,0,14392,0,-1,355,374
1474667280,60,114,9178,0,14392,0,-1,356,375
1474667340,60,86,6884,0,14450,0,-1,267,279
1474667400,120,-1,-1,-1,-1,-1,-1,-1,-1
1474667520,60,70,5661,0,14059,0,-1,220,222
1474667580,60,96,7738,0,14458,0,-1,301,312
1474667640,60,114,9195,0,14392,0,-1,356,375
1474667700,60,115,9288,0,14392,0,-1,360,378
1474667760,60,102,8216,0,14456,0,-1,318,335
1474667820,60,101,8085,0,14009,0,-1,314,327
1474667880,60,105,8289,0,14009,0,-1,322,340
1474667940,60,28,2146,0,13019,0,-1,83,89
1474668000,360,-1,-1,-1,-1,-1,-1,-1,-1
1474668360,60,64,4875,0,13547,0,-1,189,196
1474668420,60,98,7640,0,13368,0,-1,296,318
1474668480,60,109,8527,0,13368,0,-1,330,355
1474668540,60,87,6818,0,13433,0,-1,265,282
1474668600,60,74,5757,0,12978,0,-1,223,237
1474668660,60,10,799,0,14039,0,-1,31,27
1474668720,1920,-1,-1,-1,-1,-1,-1,-1,-1
1474670640,660,-1,-1,-1,-1,-1,-1,-1,-1
1474671300,60,9,702,0,14743,0,-1,27,26
1474671360,480,-1,-1,-1,-1,-1,-1,-1,-1
1474671840,2700,-1,-1,-1,-1,-1,-1,-1,-1
1474674540,60,-1,-1,-1,-1,-1,-1,-1,-1
1474674600,60,-1,-1,-1,-1,-1,-1,-1,-1
1474674660,60,21,1647,0,15191,0,-1,64,62
1474674720,60,27,2158,0,13146,0,-1,83,79
1474674780,60,-1,-1,-1,-1,-1,-1,-1,-1
1474674840,60,54,4280,0,13484,0,-1,166,171
1474674900,60,75,5951,0,14131,0,-1,231,239
1474674960,60,113,9043,0,14008,0,-1,351,371
1474675020,60,114,9211,0,13880,0,-1,358,376
1474675080,60,40,3205,0,13090,0,-1,124,132
1474675140,60,15,1122,0,12628,0,-1,43,40
1474675200,240,-1,-1,-1,-1,-1,-1,-1,-1
1474675440,60,108,8473,0,14521,0,-1,329,347
1474675500,60,117,9545,0,14968,0,-1,371,386
1474675560,60,116,9451,0,14456,0,-1,367,383
1474675620,60,108,8568,0,14457,0,-1,333,350
1474675680,60,38,2982,0,13219,0,-1,115,120
1474675740,60,23,1779,0,13140,0,-1,69,68
1474675800,60,86,6876,0,13938,0,-1,267,275
1474675860,60,79,6080,0,13490,0,-1,235,250
1474675920,60,6,418,0,12434,0,-1,16,19
1474675980,60,63,4978,0,12970,0,-1,193,200
1474676040,60,104,8494,0,14009,0,-1,330,341
1474676100,60,28,2235,0,13084,0,-1,86,90
1474676160,60,8,636,0,13007,0,-1,24,22
1474676220,60,20,1555,0,14678,0,-1,60,58
1474676280,60,45,3779,0,14684,0,-1,147,141
1474676340,120,-1,-1,-1,-1,-1,-1,-1,-1
1474676460,60,5,410,0,13068,0,-1,15,13
1474676520,60,5,434,0,13007,0,-1,16,14
1474676580,60,27,2287,0,14679,0,-1,88,81
1474676640,60,2,158,0,13711,0,-1,6,6
1474676700,180,-1,-1,-1,-1,-1,-1,-1,-1
1474676880,1440,-1,-1,-1,-1,-1,-1,-1,-1
1474678320,1680,-1,-1,-1,-1,-1,-1,-1,-1
1474680000,1500,-1,-1,-1,-1,-1,-1,-1,-1
1474681500,360,-1,-1,-1,-1,-1,-1,-1,-1
1474681860,4800,-1,-1,-1,-1,-1,-1,-1,-1
1474686660,56820,-1,-1,-1,-1,-1,-1,-1,-1
1474743480,60,-1,-1,-1,-1,-1,-1,-1,-1
1474743540,60,46,3717,0,15198,2,-1,144,133
1474743600,60,7,509,0,14103,0,-1,19,18
1474743660,60,-1,-1,-1,-1,-1,-1,-1,-1
1474743720,60,9,698,0,14103,0,-1,27,25
1474743780,180,-1,-1,-1,-1,-1,-1,-1,-1
1474743960,60,11,852,0,13655,0,-1,33,28
1474744020,60,18,1408,0,12569,0,-1,54,60
1474744080,60,-1,-1,-1,-1,-1,-1,-1,-1
1474744140,60,12,901,0,12692,0,-1,35,35
1474744200,120,-1,-1,-1,-1,-1,-1,-1,-1
1474744320,60,49,4066,0,13539,0,-1,157,158
1474744380,60,41,3195,0,14686,0,-1,124,119
1474744440,240,-1,-1,-1,-1,-1,-1,-1,-1
1474744680,60,9,753,0,12439,0,-1,29,27
1474744740,120,-1,-1,-1,-1,-1,-1,-1,-1
1474744860,60,-1,-1,-1,-1,-1,-1,-1,-1
1474744920,600,-1,-1,-1,-1,-1,-1,-1,-1
1474745520,60,6,459,0,14159,0,-1,17,15
1474745580,60,87,6679,0,13426,0,-1,259,268
1474745640,60,104,8014,0,13945,0,-1,311,333
1474745700,60,108,8371,0,13880,0,-1,325,351
1474745760,60,12,891,0,12886,0,-1,34,36
1474745820,60,106,8074,0,13881,0,-1,313,336
1474745880,60,40,3145,0,12957,0,-1,122,122
1474745940,60,97,7134,0,13433,0,-1,276,311
1474746000,60,-1,-1,-1,-1,-1,-1,-1,-1
1474746060,60,9,680,0,13077,0,-1,26,25
1474746120,60,-1,-1,-1,-1,-1,-1,-1,-1
1474746180,60,7,568,0,13583,0,-1,22,18
1474746240,180,-1,-1,-1,-1,-1,-1,-1,-1
1474746420,60,12,1010,0,12498,0,-1,39,36
1474746480,60,19,1493,0,13654,0,-1,57,58
1474746540,1140,-1,-1,-1,-1,-1,-1,-1,-1
1474747680,60,83,6381,0,14002,0,-1,248,259
1474747740,60,59,4493,0,13484,0,-1,174,179
1474747800,60,92,7121,0,14009,0,-1,276,294
1474747860,60,94,7137,0,14584,0,-1,276,303
1474747920,60,56,4209,0,14116,0,-1,163,166
1474747980,60,13,999,0,13142,0,-1,38,43
1474748040,60,-1,-1,-1,-1,-1,-1,-1,-1
1474748100,60,45,3434,0,13605,0,-1,133,139
1474748160,60,109,8539,0,14072,0,-1,332,356
1474748220,60,71,5488,0,13041,0,-1,212,230
1474748280,180,-1,-1,-1,-1,-1,-1,-1,-1
1474748460,60,9,654,0,13142,0,-1,25,24
1474748520,60,7,559,0,13646,0,-1,21,18
1474748580,360,-1,-1,-1,-1,-1,-1,-1,-1
1474748940,60,14,1107,0,13142,0,-1,43,41
1474749000,1080,-1,-1,-1,-1,-1,-1,-1,-1
1474750080,60,9,698,0,13202,0,-1,27,25
1474750140,60,97,7728,0,13433,0,-1,299,312
1474750200,60,113,9097,0,13368,0,-1,352,372
1474750260,60,10,744,0,12626,0,-1,28,28
1474750320,660,-1,-1,-1,-1,-1,-1,-1,-1
1474750980,60,42,3261,0,14557,0,-1,126,124
1474751040,60,99,7756,0,13946,0,-1,301,312
1474751100,60,102,7941,0,14009,0,-1,308,325
1474751160,60,61,4633,0,13035,0,-1,179,192
1474751220,60,85,6660,0,13490,0,-1,258,270
1474751280,60,54,4324,0,12964,0,-1,168,171
1474751340,60,48,3530,0,13548,0,-1,137,150
1474751400,61,39,3056,0,13084,0,-1,118,116
1474751461,59,100,7679,0,13433,0,-1,297,319
1474751520,60,101,7717,0,14073,0,-1,300,324
1474751580,60,-1,-1,-1,-1,-1,-1,-1,-1
1474751640,60,9,680,0,12951,0,-1,26,25
1474751700,60,44,3422,0,14557,0,-1,132,129
1474751760,60,59,4554,0,13611,0,-1,176,188
1474751820,60,101,7830,0,14073,0,-1,304,321
1474751880,60,99,7683,0,14073,0,-1,297,318
1474751940,60,84,6426,0,14066,0,-1,249,262
1474752000,60,69,5360,0,13490,0,-1,208,222
1474752060,180,-1,-1,-1,-1,-1,-1,-1,-1
1474752240,60,6,500,0,12618,0,-1,19,16
1474752300,1440,-1,-1,-1,-1,-1,-1,-1,-1
1474753740,60,-1,-1,-1,-1,-1,-1,-1,-1
1474753800,60,11,939,0,13076,0,-1,36,33
1474753860,1080,-1,-1,-1,-1,-1,-1,-1,-1
1474754940,60,104,8276,0,14457,0,-1,321,334
1474755000,60,83,6552,0,14578,0,-1,254,261
1474755060,60,112,8876,0,13880,0,-1,345,366
1474755120,60,64,5157,0,13034,0,-1,200,208
1474755180,60,111,8918,0,14393,0,-1,346,358
1474755240,60,114,9182,0,14392,0,-1,356,375
1474755300,60,87,6705,0,14002,0,-1,260,276
1474755360,60,49,3862,0,14059,0,-1,150,160
1474755420,60,95,7665,0,14010,0,-1,297,305
1474755480,60,57,4273,0,14124,0,-1,165,172
1474755540,60,21,1651,0,13014,0,-1,64,59
1474755600,60,75,5853,0,12978,0,-1,227,236
1474755660,300,-1,-1,-1,-1,-1,-1,-1,-1
1474755960,60,54,4379,0,14628,0,-1,170,171
1474756020,60,91,7370,0,14578,0,-1,286,287
1474756080,60,114,9165,0,14520,0,-1,355,374
1474756140,60,66,5225,0,14002,0,-1,202,213
1474756200,60,101,7876,0,14521,0,-1,306,317
1474756260,60,2,136,0,13140,0,-1,5,7
1474756320,540,-1,-1,-1,-1,-1,-1,-1,-1
1474756860,840,-1,-1,-1,-1,-1,-1,-1,-1
1474757700,60,9,718,0,12565,2,-1,27,26
1474757760,60,-1,-1,-1,-1,-1,-1,-1,-1
1474757820,60,109,8759,0,14521,0,-1,340,349
1474757880,60,100,7988,0,13945,0,-1,310,320
1474757940,60,33,2497,0,14116,0,-1,96,104
1474758000,60,8,671,0,13527,0,-1,26,23
1474758060,60,-1,-1,-1,-1,-1,-1,-1,-1
1474758120,60,31,2454,0,15191,0,-1,95,86
1474758180,3180,-1,-1,-1,-1,-1,-1,-1,-1
1474761360,360,-1,-1,-1,-1,-1,-1,-1,-1
1474761720,4860,-1,-1,-1,-1,-1,-1,-1,-1
1474766580,5400,-1,-1,-1,-1,-1,-1,-1,-1
1474771980,4800,-1,-1,-1,-1,-1,-1,-1,-1
1474776780,28108,-1,-1,-1,-1,-1,-1,-1,-1
1474935960,4800,-1,-1,-1,-1,-1,-1,-1,-1
1474940760,49680,-1,-1,-1,-1,-1,-1,-1,-1
1474990440,480,-1,-1,-1,-1,-1,-1,-1,-1
1474990920,60,35,2871,0,13597,0,-1,111,109
1474990980,60,119,9863,0,14968,0,-1,382,395
1474991040,60,119,9850,0,14392,0,-1,382,395
1474991100,60,106,8723,0,14392,0,-1,338,351
1474991160,60,118,9750,0,14456,0,-1,378,392
1474991220,60,40,3255,0,13025,0,-1,126,132
1474991280,360,-1,-1,-1,-1,-1,-1,-1,-1
1474991640,60,86,6657,0,14001,0,-1,258,274
1474991700,60,114,9182,0,14392,0,-1,356,375
1474991760,60,113,9035,0,14456,0,-1,351,371
1474991820,60,66,5253,0,14123,0,-1,204,207
1474991880,60,48,3770,0,13995,0,-1,146,157
1474991940,1620,-1,-1,-1,-1,-1,-1,-1,-1
1474993560,300,-1,-1,-1,-1,-1,-1,-1,-1
1474993860,60,8,593,0,12683,0,-1,23,19
1474993920,3240,-1,-1,-1,-1,-1,-1,-1,-1
1474997160,1380,-1,-1,-1,-1,-1,-1,-1,-1
1474998540,60,9,881,0,13142,0,-1,34,29
1474998600,60,20,1578,0,14102,0,-1,61,58
1474998660,60,10,787,0,14102,0,-1,30,33
1474998720,60,65,5272,0,14636,0,-1,204,202
1474998780,60,75,5971,0,14002,0,-1,231,238
1474998840,60,113,9055,0,14392,0,-1,351,371
1474998900,60,114,9145,0,13880,0,-1,355,374
1474998960,60,39,3010,0,13218,0,-1,116,128
1474999020,120,-1,-1,-1,-1,-1,-1,-1,-1
1474999140,60,9,777,0,12626,0,-1,30,26
1474999200,180,-1,-1,-1,-1,-1,-1,-1,-1
1474999380,60,50,3848,0,12963,0,-1,149,157
1474999440,60,49,3604,0,13035,0,-1,140,151
1474999500,60,6,439,0,13135,0,-1,17,14
1474999560,180,-1,-1,-1,-1,-1,-1,-1,-1
1474999740,60,28,2251,0,12506,0,-1,87,84
1474999800,60,49,3982,0,14508,0,-1,154,162
1474999860,1860,-1,-1,-1,-1,-1,-1,-1,-1
1475001720,180,-1,-1,-1,-1,-1,-1,-1,-1
1475001900,420,-1,-1,-1,-1,-1,-1,-1,-1
1475002320,180,-1,-1,-1,-1,-1,-1,-1,-1
1475002500,61,88,7222,0,14066,1,-1,280,282
1475002561,59,20,1590,0,13598,1,-1,61,66
1475002620,1680,-1,-1,-1,-1,-1,-1,-1,-1
1475004300,60,15,1176,0,13654,0,-1,45,43
1475004360,240,-1,-1,-1,-1,-1,-1,-1,-1
1475004600,60,-1,-1,-1,-1,-1,-1,-1,-1
1475004660,60,6,463,0,12683,0,-1,18,15
1475004720,720,-1,-1,-1,-1,-1,-1,-1,-1
1475005440,60,26,2010,0,12506,0,-1,78,78
1475005500,60,42,3431,0,12961,0,-1,133,137
1475005560,60,8,691,0,12563,0,-1,26,24
1475005620,60,-1,-1,-1,-1,-1,-1,-1,-1
1475005680,60,103,8182,0,14009,0,-1,317,326
1475005740,60,113,9047,0,14392,0,-1,351,371
1475005800,60,106,8678,0,14392,0,-1,337,350
1475005860,60,114,9224,0,14456,0,-1,358,376
1475005920,60,110,8783,0,14457,0,-1,341,356
1475005980,60,5,353,0,12433,0,-1,13,17
1475006040,60,8,613,0,12690,0,-1,23,21
1475006100,60,10,843,0,12497,0,-1,32,28
1475006160,60,17,1411,0,14039,0,-1,54,55
1475006220,60,-1,-1,-1,-1,-1,-1,-1,-1
1475006280,60,9,698,0,13078,0,-1,27,24
1475006340,120,-1,-1,-1,-1,-1,-1,-1,-1
1475006460,60,6,459,0,13583,0,-1,17,15
1475006520,60,-1,-1,-1,-1,-1,-1,-1,-1
1475006580,240,-1,-1,-1,-1,-1,-1,-1,-1
1475006820,60,7,516,0,13198,0,-1,20,18
1475006880,240,-1,-1,-1,-1,-1,-1,-1,-1
1475007120,60,9,706,0,12498,0,-1,27,24
1475007180,180,-1,-1,-1,-1,-1,-1,-1,-1
1475007360,60,8,629,0,13069,0,-1,24,22
1475007420,720,-1,-1,-1,-1,-1,-1,-1,-1
1475008140,60,19,1625,0,13590,0,-1,63,57
1475008200,60,22,1619,0,12571,0,-1,62,65
1475008260,120,-1,-1,-1,-1,-1,-1,-1,-1
1475008380,60,39,3029,0,12450,0,-1,117,120
1475008440,60,111,8768,0,13944,0,-1,341,363
1475008500,60,100,7919,0,14520,0,-1,307,326
1475008560,60,112,8876,0,13944,0,-1,345,366
1475008620,60,110,8686,0,14456,0,-1,337,360
1475008680,60,85,6591,0,13433,0,-1,255,273
1475008740,120,-1,-1,-1,-1,-1,-1,-1,-1
1475008860,60,13,1030,0,12563,0,-1,40,39
1475008920,60,103,8239,0,14522,0,-1,319,326
1475008980,60,53,4256,0,14243,0,-1,165,165
1475009040,720,-1,-1,-1,-1,-1,-1,-1,-1
1475009760,60,14,1211,0,13654,0,-1,47,42
1475009820,60,50,3979,0,14187,0,-1,154,165
1475009880,60,-1,-1,-1,-1,-1,-1,-1,-1
1475009940,60,21,1588,0,12443,0,-1,61,64
1475010000,60,84,6492,0,14003,0,-1,252,261
1475010060,60,102,8195,0,13944,0,-1,318,335
1475010120,60,114,9190,0,14392,0,-1,356,375
1475010180,60,115,9305,0,14392,0,-1,362,379
1475010240,60,99,7826,0,13945,0,-1,303,320
1475010300,60,7,544,0,13132,0,-1,21,19
1475010360,60,21,1640,0,14679,0,-1,63,57
1475010420,60,-1,-1,-1,-1,-1,-1,-1,-1
1475010480,60,8,662,0,14103,0,-1,25,23
1475010540,360,-1,-1,-1,-1,-1,-1,-1,-1
1475010900,300,-1,-1,-1,-1,-1,-1,-1,-1
1475011200,60,8,583,0,13525,0,-1,22,20
1475011260,60,10,816,0,12425,0,-1,31,27
1475011320,2280,-1,-1,-1,-1,-1,-1,-1,-1
1475013600,300,-1,-1,-1,-1,-1,-1,-1,-1
1475013900,1380,-1,-1,-1,-1,-1,-1,-1,-1
1475015280,60,8,632,0,14607,2,-1,24,20
1475015340,60,10,750,0,13010,0,-1,29,25
1475015400,240,-1,-1,-1,-1,-1,-1,-1,-1
1475015640,60,29,2337,0,13596,0,-1,90,88
1475015700,60,-1,-1,-1,-1,-1,-1,-1,-1
1475015760,60,16,1250,0,12564,0,-1,48,44
1475015820,60,44,3453,0,14181,0,-1,134,136
1475015880,60,116,9468,0,14456,0,-1,368,384
1475015940,60,98,7805,0,14009,0,-1,302,316
1475016000,60,113,9092,0,14456,0,-1,352,372
1475016060,60,115,9272,0,15032,0,-1,360,378
1475016120,60,73,5769,0,14130,0,-1,224,234
1475016180,60,8,603,0,13007,0,-1,23,19
1475016240,240,-1,-1,-1,-1,-1,-1,-1,-1
1475016480,60,84,6440,0,14002,0,-1,250,264
1475016540,60,29,2249,0,14109,0,-1,87,89
1475016600,60,58,4633,0,15084,0,-1,179,183
1475016660,60,113,9233,0,13945,0,-1,358,374
1475016720,60,43,3552,0,13026,0,-1,138,136
1475016780,60,117,9558,0,14456,0,-1,371,386
1475016840,60,107,8673,0,13945,0,-1,337,350
1475016900,60,116,9481,0,14392,0,-1,368,384
1475016960,60,104,8438,0,13880,0,-1,328,342
1475017020,60,114,9149,0,13880,0,-1,355,374
1475017080,60,110,8663,0,14008,0,-1,336,359
1475017140,60,18,1492,0,14551,0,-1,57,56
1475017200,60,30,2365,0,13082,0,-1,91,90
1475017260,1200,-1,-1,-1,-1,-1,-1,-1,-1
1475018460,60,8,606,0,12683,0,-1,23,19
1475018520,60,85,6432,0,13425,0,-1,250,267
1475018580,60,88,6720,0,14009,0,-1,261,286
1475018640,60,7,479,0,13591,0,-1,18,17
1475018700,1500,-1,-1,-1,-1,-1,-1,-1,-1
1475020200,1620,-1,-1,-1,-1,-1,-1,-1,-1
1475021820,60,6,418,0,12493,1,-1,16,14
1475021880,1260,-1,-1,-1,-1,-1,-1,-1,-1
1475023140,60,16,1170,0,13717,0,-1,45,45
1475023200,60,61,4943,0,14187,0,-1,191,194
1475023260,60,107,8365,0,13945,0,-1,324,343
1475023320,60,111,8819,0,14456,0,-1,342,364
1475023380,60,117,9580,0,14904,0,-1,372,387
1475023440,60,110,8925,0,14393,0,-1,346,363
1475023500,60,91,7197,0,14002,0,-1,279,285
1475023560,60,111,9062,0,14457,0,-1,352,363
1475023620,60,113,9084,0,14392,0,-1,352,372
1475023680,60,113,9047,0,14392,0,-1,351,371
1475023740,60,101,8020,0,14392,0,-1,311,330
1475023800,60,11,811,0,12690,0,-1,31,35
1475023860,360,-1,-1,-1,-1,-1,-1,-1,-1
1475024220,60,71,5587,0,14066,0,-1,217,225
1475024280,60,115,9301,0,14392,0,-1,362,379
1475024340,60,117,9580,0,14456,0,-1,372,387
1475024400,60,113,9055,0,14456,0,-1,351,371
1475024460,60,102,8158,0,14392,0,-1,316,333
1475024520,60,78,6199,0,14642,0,-1,241,254
1475024580,60,-1,-1,-1,-1,-1,-1,-1,-1
1475024640,60,6,463,0,13069,0,-1,18,15
1475024700,180,-1,-1,-1,-1,-1,-1,-1,-1
1475024880,1680,-1,-1,-1,-1,-1,-1,-1,-1
1475026560,1500,-1,-1,-1,-1,-1,-1,-1,-1
1475028060,1440,-1,-1,-1,-1,-1,-1,-1,-1
1475029500,1260,-1,-1,-1,-1,-1,-1,-1,-1
1475030760,60,-1,-1,-1,-1,-1,-1,-1,-1
1475030820,60,10,884,0,14095,2,-1,0,0
1475030880,60,1,85,0,13647,0,-1,3,4
1475030940,540,-1,-1,-1,-1,-1,-1,-1,-1
1475031480,60,10,843,0,14095,0,-1,32,28
1475031540,60,-1,-1,-1,-1,-1,-1,-1,-1
1475031600,60,44,3481,0,15069,0,-1,135,130
1475031660,60,6,410,0,14671,0,-1,15,13
1475031720,60,44,3525,0,14116,0,-1,137,135
1475031780,60,41,3294,0,13732,0,-1,127,136
1475031840,780,-1,-1,-1,-1,-1,-1,-1,-1
1475032620,1320,-1,-1,-1,-1,-1,-1,-1,-1
1475033940,60,74,6011,0,14579,0,-1,233,240
1475034000,60,27,2130,0,13659,0,-1,82,83
1475034060,60,15,1222,0,14102,0,-1,47,46
1475034120,180,-1,-1,-1,-1,-1,-1,-1,-1
1475034300,60,9,633,0,14159,0,-1,24,22
1475034360,780,-1,-1,-1,-1,-1,-1,-1,-1
1475035140,720,-1,-1,-1,-1,-1,-1,-1,-1
1475035860,60,7,564,0,13133,0,-1,21,18
1475035920,60,6,487,0,12554,0,-1,18,16
1475035980,360,-1,-1,-1,-1,-1,-1,-1,-1
1475036340,120,-1,-1,-1,-1,-1,-1,-1,-1
1475036460,1140,-1,-1,-1,-1,-1,-1,-1,-1
1475037600,60,10,795,0,13204,1,-1,30,28
1475037660,60,-1,-1,-1,-1,-1,-1,-1,-1
1475037720,60,-1,-1,-1,-1,-1,-1,-1,-1
1475037780,120,-1,-1,-1,-1,-1,0,-1,-1
1475037900,540,-1,-1,-1,-1,-1,1,-1,-1
1475038440,1920,-1,-1,-1,-1,-1,2,-1,-1
1475040360,2040,-1,-1,-1,-1,-1,1,-1,-1
1475042400,960,-1,-1,-1,-1,-1,2,-1,-1
1475043360,480,-1,-1,-1,-1,-1,1,-1,-1
1475043840,1980,-1,-1,-1,-1,-1,1,-1,-1
1475045820,4740,-1,-1,-1,-1,-1,2,-1,-1
1475050560,960,-1,-1,-1,-1,-1,1,-1,-1
1475051520,1320,-1,-1,-1,-1,-1,2,-1,-1
1475052840,1260,-1,-1,-1,-1,-1,1,-1,-1
1475054100,1320,-1,-1,-1,-1,-1,2,-1,-1
1475055420,840,-1,-1,-1,-1,-1,1,-1,-1
1475056260,1740,-1,-1,-1,-1,-1,2,-1,-1
1475058000,780,-1,-1,-1,-1,-1,1,-1,-1
1475058780,540,-1,-1,-1,-1,-1,2,-1,-1
1475059320,480,-1,-1,-1,-1,-1,1,-1,-1
1475059800,960,-1,-1,-1,-1,-1,2,-1,-1
1475060760,720,-1,-1,-1,-1,-1,1,-1,-1
1475061480,2880,-1,-1,-1,-1,-1,2,-1,-1
1475064360,720,-1,-1,-1,-1,-1,1,-1,-1
1475065080,480,-1,-1,-1,-1,-1,2,-1,-1
1475065560,720,-1,-1,-1,-1,-1,1,-1,-1
1475066280,300,-1,-1,-1,-1,-1,2,-1,-1
1475066580,360,-1,-1,-1,-1,-1,1,-1,-1
1475066940,960,-1,-1,-1,-1,-1,0,-1,-1
1475067900,540,-1,-1,-1,-1,-1,1,-1,-1
1475068440,1560,-1,-1,-1,-1,-1,1,-1,-1
1475070000,180,-1,-1,-1,-1,-1,0,-1,-1
1475070180,900,-1,-1,-1,-1,-1,1,-1,-1
1475071080,180,-1,-1,-1,-1,-1,2,-1,-1
1475071260,360,-1,-1,-1,-1,-1,2,-1,-1
1475071620,120,-1,-1,-1,-1,-1,2,-1,-1
1475071740,960,-1,-1,-1,-1,-1,1,-1,-1
1475072700,120,-1,-1,-1,-1,-1,0,-1,-1
1475072820,300,-1,-1,-1,-1,-1,0,-1,-1
1475073120,240,-1,-1,-1,-1,-1,-1,-1,-1
1475073360,60,6,553,0,13647,0,-1,0,0
1475073420,60,6,491,0,13645,0,-1,0,0
1475073480,60,9,782,0,14743,0,-1,0,0
1475073540,120,-1,-1,-1,-1,-1,-1,-1,-1
1475073660,60,40,3268,0,15766,0,-1,0,0
1475073720,60,10,779,0,14223,0,-1,0,0
1475073780,540,-1,-1,-1,-1,-1,-1,-1,-1
1475074320,60,6,452,0,12682,0,-1,0,0
1475074380,60,9,730,0,12625,0,-1,0,0
1475074440,60,10,787,0,13142,0,-1,0,0
1475074500,300,-1,-1,-1,-1,-1,-1,-1,-1
1475074800,60,28,2340,0,13651,0,-1,0,0
1475074860,60,17,1339,0,15127,0,-1,0,0
1475074920,300,-1,-1,-1,-1,-1,-1,-1,-1
1475075220,60,6,427,0,12619,0,-1,0,0
1475075280,720,-1,-1,-1,-1,-1,-1,-1,-1
1475076000,60,11,780,0,13139,0,-1,30,30
1475076060,60,8,610,0,14159,0,-1,23,19
1475076120,60,-1,-1,-1,-1,-1,-1,-1,-1
1475076180,60,8,613,0,13581,0,-1,23,20
1475076240,60,2,154,0,12555,0,-1,5,6
1475076300,60,-1,-1,-1,-1,-1,-1,-1,-1
1475076360,60,90,7388,0,14514,0,-1,286,286
1475076420,60,120,10013,0,14456,0,-1,389,400
1475076480,60,109,9098,0,14969,0,-1,354,357
1475076540,60,121,10132,0,14968,0,-1,393,403
1475076600,60,117,9602,0,14456,0,-1,373,388
1475076660,60,2,147,0,13078,0,-1,5,7
1475076720,60,-1,-1,-1,-1,-1,-1,-1,-1
1475076780,60,68,5416,0,13547,0,-1,210,213
1475076840,1320,-1,-1,-1,-1,-1,-1,-1,-1
1475078160,1320,-1,-1,-1,-1,-1,-1,-1,-1
1475079480,1260,-1,-1,-1,-1,-1,-1,-1,-1
1475080740,4920,-1,-1,-1,-1,-1,-1,-1,-1
1475085660,1620,-1,-1,-1,-1,-1,-1,-1,-1
1475087280,60,9,722,0,13140,2,-1,28,26
1475087340,540,-1,-1,-1,-1,-1,-1,-1,-1
1475087880,60,107,8768,0,14521,0,-1,340,347
1475087940,60,21,1647,0,14678,0,-1,64,56
1475088000,60,36,2961,0,14238,0,-1,115,113
1475088060,60,6,459,0,12428,0,-1,17,15
1475088120,60,94,7687,0,13489,0,-1,298,305
1475088180,60,119,9877,0,14584,0,-1,384,396
1475088240,60,105,8610,0,13944,0,-1,335,348
1475088300,60,117,9584,0,15032,0,-1,372,387
1475088360,60,83,6742,0,14514,0,-1,261,275
1475088420,60,109,8739,0,14521,0,-1,339,351
1475088480,60,108,8678,0,14457,0,-1,337,352
1475088540,60,-1,-1,-1,-1,-1,-1,-1,-1
1475088600,60,9,734,0,12564,0,-1,28,25
1475088660,60,-1,-1,-1,-1,-1,-1,-1,-1
1475088720,60,18,1496,0,13527,0,-1,58,53
1475088780,60,10,718,0,13655,0,-1,27,26
1475088840,180,-1,-1,-1,-1,-1,-1,-1,-1
1475089020,1380,-1,-1,-1,-1,-1,-1,-1,-1
1475090400,60,6,482,0,13646,0,-1,18,16
1475090460,60,58,4430,0,13996,0,-1,171,180
1475090520,60,66,4936,0,12907,0,-1,191,202
1475090580,60,39,2873,0,13532,0,-1,111,114
1475090640,1560,-1,-1,-1,-1,-1,-1,-1,-1
1475092200,1800,-1,-1,-1,-1,-1,-1,-1,-1
1475094000,60,6,463,0,13582,0,-1,18,15
1475094060,60,49,4003,0,15141,0,-1,155,151
1475094120,60,70,5611,0,13554,0,-1,217,226
1475094180,60,-1,-1,-1,-1,-1,-1,-1,-1
1475094240,60,81,6689,0,14130,0,-1,260,262
1475094300,60,116,9512,0,14905,0,-1,369,378
1475094360,60,120,9990,0,14968,0,-1,387,399
1475094420,60,119,9886,0,14904,0,-1,384,396
1475094480,60,119,9886,0,14904,0,-1,384,396
1475094540,60,107,8826,0,14392,0,-1,343,354
1475094600,60,55,4469,0,13417,0,-1,173,178
1475094660,60,11,880,0,13012,0,-1,34,31
1475094720,60,-1,-1,-1,-1,-1,-1,-1,-1
1475094780,60,6,491,0,12681,0,-1,19,16
1475094840,60,15,1147,0,12498,0,-1,44,45
1475094900,240,-1,-1,-1,-1,-1,-1,-1,-1
1475095140,60,42,3375,0,12450,0,-1,131,132
1475095200,60,113,9063,0,13944,0,-1,351,371
1475095260,60,115,9340,0,14392,0,-1,363,380
1475095320,60,67,5375,0,14067,0,-1,208,220
1475095380,60,54,4320,0,14179,0,-1,168,171
1475095440,60,41,3426,0,14622,0,-1,133,124
1475095500,60,24,1910,0,14110,0,-1,74,78
1475095560,2520,-1,-1,-1,-1,-1,-1,-1,-1
1475098080,60,22,1853,0,13717,0,-1,72,67
1475098140,120,-1,-1,-1,-1,-1,-1,-1,-1
1475098260,60,26,2097,0,14174,0,-1,81,79
1475098320,480,-1,-1,-1,-1,-1,-1,-1,-1
1475098800,60,6,520,0,12620,0,-1,20,17
1475098860,480,-1,-1,-1,-1,-1,-1,-1,-1
1475099340,60,6,433,0,12557,0,-1,16,14
1475099400,360,-1,-1,-1,-1,-1,-1,-1,-1
1475099760,60,6,495,0,14159,0,-1,0,0
1475099820,60,8,662,0,13076,0,-1,25,23
1475099880,180,-1,-1,-1,-1,-1,-1,-1,-1
1475100060,60,6,474,0,12620,0,-1,18,15
1475100120,300,-1,-1,-1,-1,-1,-1,-1,-1
1475100420,60,5,462,0,13133,0,-1,17,15
1475100480,60,-1,-1,-1,-1,-1,-1,-1,-1
1475100540,60,7,540,0,13135,0,-1,21,17
1475100600,120,-1,-1,-1,-1,-1,-1,-1,-1
1475100720,60,49,3931,0,13667,0,-1,152,154
1475100780,60,39,3128,0,14686,0,-1,121,110
1475100840,60,113,9068,0,14520,0,-1,352,372
1475100900,60,115,9293,0,13880,0,-1,360,378
1475100960,60,80,6345,0,13425,0,-1,246,263
1475101020,60,13,1059,0,13013,0,-1,41,40
1475101080,180,-1,-1,-1,-1,-1,-1,-1,-1
1475101260,60,23,1829,0,13078,0,-1,71,69
1475101320,60,62,4812,0,13612,0,-1,186,189
1475101380,60,73,5875,0,14643,0,-1,228,234
1475101440,60,116,9442,0,14456,0,-1,367,383
1475101500,60,115,9284,0,14392,0,-1,360,378
1475101560,60,101,8077,0,14456,0,-1,314,332
1475101620,60,100,7852,0,14009,0,-1,304,326
1475101680,60,15,1129,0,13078,0,-1,43,45
1475101740,60,73,5939,0,14571,0,-1,230,232
1475101800,60,13,1003,0,13012,0,-1,38,43
1475101860,60,12,965,0,13526,0,-1,37,35
1475101920,60,21,1628,0,13654,0,-1,63,62
1475101980,60,-1,-1,-1,-1,-1,-1,-1,-1
1475102040,60,22,1790,0,13654,0,-1,69,63
1475102100,60,7,486,0,14614,0,-1,18,22
1475102160,3240,-1,-1,-1,-1,-1,-1,-1,-1
1475105400,360,-1,-1,-1,-1,-1,-1,-1,-1
1475105760,60,27,2055,0,14230,1,-1,79,74
1475105820,60,12,965,0,13141,1,-1,37,33
1475105880,60,60,4654,0,13995,0,-1,181,191
1475105940,60,13,1055,0,13011,0,-1,41,41
1475106000,1620,-1,-1,-1,-1,-1,-1,-1,-1
1475107620,60,11,884,0,12626,1,-1,34,33
1475107680,360,-1,-1,-1,-1,-1,-1,-1,-1
1475108040,60,24,1820,0,14102,1,-1,70,66
1475108100,60,15,1217,0,14231,1,-1,47,43
1475108160,60,64,4959,0,14572,0,-1,192,195
1475108220,60,25,1894,0,13019,0,-1,73,78
1475108280,480,-1,-1,-1,-1,-1,-1,-1,-1
1475108760,60,20,1533,0,13204,0,-1,59,60
1475108820,60,6,470,0,12430,0,-1,18,15
1475108880,120,-1,-1,-1,-1,-1,-1,-1,-1
1475109000,60,6,455,0,12491,0,-1,17,15
1475109060,60,13,946,0,12565,0,-1,36,38
1475109120,60,12,961,0,13205,0,-1,37,37
1475109180,60,8,613,0,13199,0,-1,23,20
1475109240,60,117,9607,0,14968,0,-1,373,388
1475109300,60,118,9710,0,15032,0,-1,377,391
1475109360,60,107,8867,0,15032,0,-1,344,355
1475109420,60,118,9764,0,14392,0,-1,378,392
1475109480,60,117,9563,0,14392,0,-1,371,386
1475109540,60,116,9434,0,14456,0,-1,367,383
1475109600,60,116,9473,0,14392,0,-1,368,384
1475109660,60,104,8447,0,14520,0,-1,328,342
1475109720,60,116,9451,0,14392,0,-1,367,383
1475109780,60,92,7247,0,14074,0,-1,281,296
1475109840,60,86,6784,0,14578,0,-1,263,273
1475109900,60,16,1196,0,14165,0,-1,46,49
1475109960,120,-1,-1,-1,-1,-1,-1,-1,-1
1475110080,60,39,3029,0,14622,0,-1,117,114
1475110140,60,10,863,0,14615,0,-1,33,32
1475110200,60,62,4913,0,14571,0,-1,190,197
1475110260,60,45,3466,0,14116,0,-1,134,143
1475110320,60,75,5880,0,13554,0,-1,228,238
1475110380,60,10,707,0,14039,0,-1,27,27
1475110440,1020,-1,-1,-1,-1,-1,-1,-1,-1
1475111460,2040,-1,-1,-1,-1,-1,-1,-1,-1
1475113500,600,-1,-1,-1,-1,-1,-1,-1,-1
1475114100,540,-1,-1,-1,-1,-1,-1,-1,-1
1475114640,60,7,529,0,13012,0,-1,20,19
1475114700,120,-1,-1,-1,-1,-1,-1,-1,-1
1475114820,60,16,1294,0,13142,0,-1,50,45
1475114880,60,-1,-1,-1,-1,-1,-1,-1,-1
1475114940,60,20,1636,0,13014,0,-1,63,60
1475115000,60,13,1007,0,13655,0,-1,39,36
1475115060,300,-1,-1,-1,-1,-1,-1,-1,-1
1475115360,4260,-1,-1,-1,-1,-1,-1,-1,-1
1475119620,60,14,1092,0,13527,0,-1,42,39
1475119680,60,-1,-1,-1,-1,-1,-1,-1,-1
1475119740,60,66,5294,0,13994,0,-1,205,211
1475119800,60,115,9440,0,14457,0,-1,366,376
1475119860,60,119,9904,0,14968,0,-1,385,397
1475119920,60,105,8414,0,14521,0,-1,326,340
1475119980,60,113,9277,0,14521,0,-1,360,371
1475120040,60,106,8709,0,15032,0,-1,338,351
1475120100,60,115,9331,0,14520,0,-1,362,379
1475120160,60,115,9284,0,13880,0,-1,360,378
1475120220,60,114,9203,0,13880,0,-1,358,376
1475120280,60,103,8335,0,13368,0,-1,323,339
1475120340,60,116,9416,0,13880,0,-1,365,382
1475120400,60,113,9030,0,13368,0,-1,350,370
1475120460,60,111,8772,0,13368,0,-1,341,363
1475120520,60,99,7822,0,14008,0,-1,303,324
1475120580,60,34,2714,0,13085,0,-1,105,109
1475120640,60,13,958,0,13527,0,-1,37,33
1475120700,60,30,2353,0,15134,0,-1,91,90
1475120760,840,-1,-1,-1,-1,-1,-1,-1,-1
1475121600,60,8,606,0,12562,0,-1,23,21
1475121660,1140,-1,-1,-1,-1,-1,-1,-1,-1
1475122800,300,-1,-1,-1,-1,-1,0,-1,-1
1475123100,2880,-1,-1,-1,-1,-1,1,-1,-1
1475125980,420,-1,-1,-1,-1,-1,0,-1,-1
1475126400,540,-1,-1,-1,-1,-1,1,-1,-1
1475126940,1800,-1,-1,-1,-1,-1,2,-1,-1
1475128740,1320,-1,-1,-1,-1,-1,1,-1,-1
1475130060,2220,-1,-1,-1,-1,-1,2,-1,-1
1475132280,720,-1,-1,-1,-1,-1,1,-1,-1
1475133000,180,-1,-1,-1,-1,-1,2,-1,-1
1475133180,720,-1,-1,-1,-1,-1,1,-1,-1
1475133900,2820,-1,-1,-1,-1,-1,2,-1,-1
1475136720,600,-1,-1,-1,-1,-1,2,-1,-1
1475137320,720,-1,-1,-1,-1,-1,1,-1,-1
1475138040,300,-1,-1,-1,-1,-1,2,-1,-1
1475138340,3480,-1,-1,-1,-1,-1,2,-1,-1
1475141820,840,-1,-1,-1,-1,-1,1,-1,-1
1475142660,420,-1,-1,-1,-1,-1,2,-1,-1
1475143080,720,-1,-1,-1,-1,-1,1,-1,-1
1475151240,1080,-1,-1,-1,-1,-1,2,-1,-1
1475152320,480,-1,-1,-1,-1,-1,1,-1,-1
1475152800,1380,-1,-1,-1,-1,-1,2,-1,-1
1475154180,360,-1,-1,-1,-1,-1,0,-1,-1
1475154540,180,-1,-1,-1,-1,-1,1,-1,-1
1475154720,780,-1,-1,-1,-1,-1,2,-1,-1
1475143800,720,-1,-1,-1,-1,-1,2,-1,-1
1475144520,1140,-1,-1,-1,-1,-1,1,-1,-1
1475145660,1200,-1,-1,-1,-1,-1,2,-1,-1
1475146860,1800,-1,-1,-1,-1,-1,1,-1,-1
1475148660,1860,-1,-1,-1,-1,-1,2,-1,-1
1475150520,720,-1,-1,-1,-1,-1,1,-1,-1
1475155500,2160,-1,-1,-1,-1,-1,1,-1,-1
1475157660,600,-1,-1,-1,-1,-1,0,-1,-1
1475158260,660,-1,-1,-1,-1,-1,-1,-1,-1
1475158920,60,12,1024,0,13652,0,-1,0,0
1475158980,60,22,1839,0,15767,0,-1,0,0
1475159040,60,6,452,0,15119,0,-1,0,0
1475159100,60,-1,-1,-1,-1,-1,-1,-1,-1
1475159160,60,52,4408,0,16285,0,-1,0,0
1475159220,60,23,1790,0,15062,0,-1,0,0
1475159280,60,25,2140,0,14686,0,-1,0,0
1475159340,720,-1,-1,-1,-1,-1,-1,-1,-1
1475160060,60,24,1952,0,14102,0,-1,75,73
1475160120,60,19,1591,0,13589,0,-1,61,56
1475160180,120,-1,-1,-1,-1,-1,-1,-1,-1
1475160300,120,-1,-1,-1,-1,-1,-1,-1,-1
1475160420,60,9,670,0,13142,0,-1,26,23
1475160480,60,10,724,0,14038,0,-1,28,26
1475160540,60,11,841,0,13141,0,-1,32,31
1475160600,60,-1,-1,-1,-1,-1,-1,-1,-1
1475160660,60,14,1077,0,12948,0,-1,41,42
1475160720,60,107,8673,0,14457,0,-1,337,345
1475160780,60,115,9301,0,14456,0,-1,362,379
1475160840,60,105,8610,0,14392,0,-1,335,348
1475160900,60,108,8823,0,14457,0,-1,342,357
1475160960,60,26,2123,0,13653,0,-1,82,76
1475161020,60,7,564,0,13070,0,-1,0,0
1475161080,60,85,6648,0,14001,0,-1,257,273
1475161140,360,-1,-1,-1,-1,-1,-1,-1,-1
1475161500,60,70,5475,0,13939,0,-1,212,223
1475161560,60,100,7891,0,13880,0,-1,307,326
1475161620,60,64,4966,0,13554,0,-1,193,208
1475161680,960,-1,-1,-1,-1,-1,-1,-1,-1
1475162640,60,15,1188,0,13141,0,-1,46,45
1475162700,60,47,3769,0,13604,0,-1,146,142
1475162760,60,72,5810,0,14067,0,-1,225,235
1475162820,240,-1,-1,-1,-1,-1,-1,-1,-1
1475163060,60,64,5055,0,13995,0,-1,196,203
1475163120,60,100,7919,0,13945,0,-1,307,325
1475163180,60,34,2730,0,13606,0,-1,106,111
1475163240,300,-1,-1,-1,-1,-1,-1,-1,-1
1475163540,2040,-1,-1,-1,-1,-1,-1,-1,-1
1475165580,120,-1,-1,-1,-1,-1,-1,-1,-1
1475165700,60,12,915,0,13527,0,-1,35,32
1475165760,60,38,2922,0,13925,0,-1,113,119
1475165820,60,59,4739,0,14058,0,-1,184,190
1475165880,60,112,8913,0,14392,0,-1,346,367
1475165940,60,94,7312,0,13433,0,-1,284,302
1475166000,60,25,1866,0,13150,0,-1,72,80
1475166060,60,70,5606,0,13994,0,-1,217,219
1475166120,60,43,3361,0,13667,0,-1,130,134
1475166180,60,74,5890,0,14003,0,-1,228,238
1475166240,60,83,6637,0,14001,0,-1,257,273
1475166300,60,63,4739,0,13035,0,-1,184,196
1475166360,60,91,7278,0,14137,0,-1,282,296
1475166420,60,111,9297,0,14457,0,-1,360,364
1475166480,60,18,1452,0,13017,0,-1,56,60
1475166540,180,-1,-1,-1,-1,-1,-1,-1,-1
1475166720,60,71,5380,0,13554,0,-1,208,224
1475166780,60,-1,-1,-1,-1,-1,-1,-1,-1
1475166840,60,16,1258,0,13139,0,-1,48,41
1475166900,60,47,3802,0,13610,0,-1,147,155
1475166960,240,-1,-1,-1,-1,-1,-1,-1,-1
1475167200,4500,-1,-1,-1,-1,-1,-1,-1,-1
1475171700,10080,-1,-1,-1,-1,-1,-1,-1,-1
1475181780,60,8,641,0,12562,2,-1,24,22
1475181840,1140,-1,-1,-1,-1,-1,-1,-1,-1
1475182980,60,46,3604,0,14052,0,-1,140,146
1475183040,60,-1,-1,-1,-1,-1,-1,-1,-1
1475183100,60,25,1933,0,13014,0,-1,75,69
1475183160,1320,-1,-1,-1,-1,-1,-1,-1,-1
1475184480,60,37,2878,0,14117,0,-1,111,116
1475184540,120,-1,-1,-1,-1,-1,-1,-1,-1
1475184660,60,8,577,0,12426,0,-1,22,18
1475184720,60,75,5617,0,13426,0,-1,218,236
1475184780,60,106,8131,0,13944,0,-1,315,343
1475184840,60,106,8296,0,14009,0,-1,322,341
1475184900,60,109,8516,0,14008,0,-1,330,355
1475184960,60,97,7529,0,13432,0,-1,291,315
1475185020,60,107,8238,0,13496,0,-1,320,347
1475185080,60,107,8242,0,13496,0,-1,320,347
1475185140,60,106,8258,0,13433,0,-1,320,340
1475185200,60,108,8382,0,13432,0,-1,325,351
1475185260,60,98,7640,0,13496,0,-1,296,318
1475185320,60,105,8022,0,13368,0,-1,311,340
1475185380,60,22,1702,0,13598,0,-1,66,72
1475185440,60,93,6957,0,13497,0,-1,270,293
1475185500,60,105,8025,0,13432,0,-1,311,340
1475185560,60,108,8356,0,13368,0,-1,324,350
1475185620,60,86,6722,0,14130,0,-1,260,274
1475185680,60,109,8524,0,14072,0,-1,330,355
1475185740,60,97,7521,0,13496,0,-1,291,315
1475185800,60,103,8099,0,14585,0,-1,315,331
1475185860,60,105,8147,0,14073,0,-1,316,336
1475185920,60,108,8359,0,13496,0,-1,324,350
1475185980,60,98,7644,0,13432,0,-1,296,318
1475186040,60,107,8264,0,13496,0,-1,320,347
1475186100,60,109,8527,0,13432,0,-1,330,355
1475186160,60,107,8238,0,13368,0,-1,320,347
1475186220,60,51,3865,0,13547,0,-1,149,165
1475186280,480,-1,-1,-1,-1,-1,-1,-1,-1
1475186760,60,57,4349,0,13611,0,-1,168,175
1475186820,60,20,1456,0,12957,0,-1,56,65
1475186880,60,20,1594,0,13462,0,-1,62,54
1475186940,60,41,2650,0,13477,0,-1,102,115
1475187000,60,16,1094,0,12886,0,-1,42,42
1475187060,120,-1,-1,-1,-1,-1,-1,-1,-1
1475187180,60,6,442,0,13519,0,-1,17,14
1475187240,60,-1,-1,-1,-1,-1,-1,-1,-1
1475187300,60,106,8220,0,13945,0,-1,319,338
1475187360,60,40,2972,0,12900,0,-1,115,122
1475187420,60,13,940,0,12438,0,-1,36,38
1475187480,60,-1,-1,-1,-1,-1,-1,-1,-1
1475187540,60,18,1314,0,13014,0,-1,51,47
1475187600,60,88,6616,0,13498,0,-1,257,276
1475187660,60,64,4915,0,14058,0,-1,190,200
1475187720,60,107,8223,0,14072,0,-1,319,346
1475187780,60,104,7909,0,12856,0,-1,307,337
1475187840,60,104,7857,0,13432,0,-1,304,335
1475187900,60,103,7742,0,12856,0,-1,301,332
1475187960,60,94,7113,0,13496,0,-1,276,303
1475188020,60,42,3164,0,13548,0,-1,122,136
1475188080,960,-1,-1,-1,-1,-1,-1,-1,-1
1475189040,60,66,4998,0,14059,0,-1,194,201
1475189100,60,22,1736,0,13084,0,-1,67,67
1475189160,60,83,6415,0,13425,0,-1,249,267
1475189220,60,37,2678,0,12507,0,-1,104,103
1475189280,60,3,215,0,13142,0,-1,8,9
1475189340,60,-1,-1,-1,-1,-1,-1,-1,-1
1475189400,60,35,2732,0,13021,0,-1,106,101
1475189460,60,33,2661,0,14109,0,-1,103,104
1475189520,60,20,1602,0,14615,0,-1,62,56
1475189580,120,-1,-1,-1,-1,-1,-1,-1,-1
1475189700,60,9,739,0,13717,0,-1,28,25
1475189760,180,-1,-1,-1,-1,-1,-1,-1,-1
1475189940,120,-1,-1,-1,-1,-1,-1,-1,-1
1475190060,60,29,2333,0,13211,0,-1,90,88
1475190120,2940,-1,-1,-1,-1,-1,-1,-1,-1
1475193060,60,8,658,0,13268,1,-1,25,23
1475193120,780,-1,-1,-1,-1,-1,-1,-1,-1
1475193900,60,6,487,0,13455,0,-1,18,16
1475193960,180,-1,-1,-1,-1,-1,-1,-1,-1
1475194140,60,29,2110,0,13597,0,-1,82,86
1475194200,60,-1,-1,-1,-1,-1,-1,-1,-1
1475194260,60,6,433,0,12554,0,-1,16,14
1475194320,60,65,4849,0,13483,0,-1,188,198
1475194380,60,99,7779,0,13880,0,-1,302,323
1475194440,60,104,8157,0,13881,0,-1,316,335
1475194500,60,109,8508,0,13880,0,-1,330,355
1475194560,60,108,8386,0,13880,0,-1,325,351
1475194620,60,113,9010,0,13880,0,-1,350,370
1475194680,60,81,6260,0,13433,0,-1,242,263
1475194740,60,-1,-1,-1,-1,-1,-1,-1,-1
1475194800,60,20,1566,0,13654,0,-1,60,56
1475194860,120,-1,-1,-1,-1,-1,-1,-1,-1
1475194980,660,-1,-1,-1,-1,-1,-1,-1,-1
1475195640,60,7,551,0,13070,0,-1,21,19
1475195700,60,71,5541,0,14066,0,-1,215,226
1475195760,60,15,1103,0,13150,0,-1,42,48
1475195820,60,58,4507,0,13034,0,-1,174,183
1475195880,60,60,4684,0,12978,0,-1,181,196
1475195940,180,-1,-1,-1,-1,-1,-1,-1,-1
1475196120,60,41,3199,0,13028,0,-1,124,127
1475196180,60,95,7128,0,13369,0,-1,276,299
1475196240,60,47,3529,0,13482,0,-1,136,152
1475196300,60,-1,-1,-1,-1,-1,-1,-1,-1
1475196360,60,16,1091,0,12499,0,-1,42,42
1475196420,420,-1,-1,-1,-1,-1,-1,-1,-1
1475196840,60,6,514,0,13132,0,-1,20,17
1475196900,480,-1,-1,-1,-1,-1,-1,-1,-1
1475197380,60,-1,-1,-1,-1,-1,-1,-1,-1
1475197440,60,-1,-1,-1,-1,-1,-1,-1,-1
1475197500,60,17,1367,0,14679,0,-1,53,44
1475197560,60,47,3610,0,13469,0,-1,140,136
1475197620,60,25,1809,0,12893,0,-1,70,80
1475197680,120,-1,-1,-1,-1,-1,-1,-1,-1
1475197800,60,18,1108,0,12951,0,-1,43,46
1475197860,300,-1,-1,-1,-1,-1,-1,-1,-1
1475198160,60,9,625,0,12822,0,-1,24,22
1475198220,60,12,804,0,12372,0,-1,31,27
1475198280,60,7,536,0,12491,0,-1,0,0
1475198340,60,16,1173,0,13146,0,-1,45,50
1475198400,120,-1,-1,-1,-1,-1,-1,-1,-1
1475198520,60,31,2120,0,13021,0,-1,82,86
1475198580,60,32,2369,0,13533,0,-1,92,97
1475198640,60,14,1059,0,13527,0,-1,41,38
1475198700,60,-1,-1,-1,-1,-1,-1,-1,-1
1475198760,60,6,463,0,13006,0,-1,18,15
1475198820,60,15,1318,0,13974,0,-1,51,49
1475198880,60,-1,-1,-1,-1,-1,-1,-1,-1
1475198940,60,9,702,0,13646,0,-1,27,22
1475199000,60,6,430,0,13519,0,-1,16,14
1475199060,60,6,487,0,13967,0,-1,0,0
1475199120,60,4,305,0,13591,0,-1,11,14
1475199180,1320,-1,-1,-1,-1,-1,-1,-1,-1
1475200500,60,8,603,0,13527,0,-1,23,21
1475200560,480,-1,-1,-1,-1,-1,-1,-1,-1
1475201040,60,6,487,0,13007,0,-1,18,16
1475201100,720,-1,-1,-1,-1,-1,-1,-1,-1
1475201820,60,12,961,0,13141,0,-1,37,35
1475201880,600,-1,-1,-1,-1,-1,-1,-1,-1
1475202480,60,8,552,0,13463,0,-1,21,19
1475202540,120,-1,-1,-1,-1,-1,-1,-1,-1
1475202660,60,6,433,0,13005,0,-1,16,14
1475202720,60,33,2514,0,13020,0,-1,97,98
1475202780,60,68,5121,0,14059,0,-1,199,203
1475202840,60,29,2216,0,14173,0,-1,85,91
1475202900,60,11,780,0,13078,0,-1,30,28
1475202960,60,96,7675,0,14585,0,-1,297,316
1475203020,60,27,2170,0,13148,0,-1,84,83
1475203080,60,16,1307,0,14039,0,-1,50,49
1475203140,60,8,610,0,14031,0,-1,23,19
1475203200,60,-1,-1,-1,-1,-1,-1,-1,-1
1475203260,60,14,1095,0,14615,0,-1,42,39
1475203320,60,26,2231,0,14622,0,-1,86,81
1475203380,120,-1,-1,-1,-1,-1,-1,-1,-1
1475203500,60,13,1187,0,14551,0,-1,46,40
1475203560,60,7,568,0,13519,0,-1,22,18
1475203620,60,46,3713,0,14045,0,-1,144,139
1475203680,60,19,1364,0,14102,0,-1,52,52
1475203740,60,-1,-1,-1,-1,-1,-1,-1,-1
1475203800,60,20,1615,0,14487,0,-1,62,60
1475203860,60,-1,-1,-1,-1,-1,-1,-1,-1
1475203920,60,18,1478,0,15063,0,-1,57,51
1475203980,60,13,1055,0,14679,0,-1,41,38
1475204040,180,-1,-1,-1,-1,-1,-1,-1,-1
1475204220,60,8,596,0,13463,0,-1,23,21
1475204280,120,-1,-1,-1,-1,-1,-1,-1,-1
1475204400,60,11,798,0,14551,0,-1,31,27
1475204460,900,-1,-1,-1,-1,-1,-1,-1,-1
1475205360,60,12,987,0,13653,0,-1,38,36
1475205420,60,16,1398,0,13591,0,-1,54,48
1475205480,720,-1,-1,-1,-1,-1,-1,-1,-1
1475206200,60,8,769,0,13646,0,-1,29,24
1475206260,120,-1,-1,-1,-1,-1,-1,-1,-1
1475206380,60,6,459,0,13070,0,-1,17,15
1475206440,1560,-1,-1,-1,-1,-1,-1,-1,-1
1475208000,840,-1,-1,-1,-1,-1,0,-1,-1
1475208840,1500,-1,-1,-1,-1,-1,1,-1,-1
1475210340,2820,-1,-1,-1,-1,-1,2,-1,-1
1475213160,720,-1,-1,-1,-1,-1,1,-1,-1
1475213880,1080,-1,-1,-1,-1,-1,2,-1,-1
1475214960,480,-1,-1,-1,-1,-1,1,-1,-1
1475215440,1020,-1,-1,-1,-1,-1,2,-1,-1
1475216460,1080,-1,-1,-1,-1,-1,2,-1,-1
1475217540,960,-1,-1,-1,-1,-1,1,-1,-1
1475218500,2820,-1,-1,-1,-1,-1,2,-1,-1
1475221320,600,-1,-1,-1,-1,-1,2,-1,-1
1475221920,1020,-1,-1,-1,-1,-1,1,-1,-1
1475222940,360,-1,-1,-1,-1,-1,1,-1,-1
1475223300,2880,-1,-1,-1,-1,-1,2,-1,-1
1475226180,840,-1,-1,-1,-1,-1,1,-1,-1
1475227020,3000,-1,-1,-1,-1,-1,2,-1,-1
1475230020,1260,-1,-1,-1,-1,-1,1,-1,-1
1475231280,3840,-1,-1,-1,-1,-1,2,-1,-1
1475235120,300,-1,-1,-1,-1,-1,2,-1,-1
1475235420,540,-1,-1,-1,-1,-1,0,-1,-1
1475235960,480,-1,-1,-1,-1,-1,1,-1,-1
1475236440,420,-1,-1,-1,-1,-1,1,-1,-1
1475236860,2580,-1,-1,-1,-1,-1,2,-1,-1
1475239440,1680,-1,-1,-1,-1,-1,1,-1,-1
1475241120,1740,-1,-1,-1,-1,-1,2,-1,-1
1475242860,1860,-1,-1,-1,-1,-1,1,-1,-1
1475244720,960,-1,-1,-1,-1,-1,0,-1,-1
1475245680,2820,-1,-1,-1,-1,-1,0,-1,-1
1475248500,180,-1,-1,-1,-1,-1,1,-1,-1
1475248680,2340,-1,-1,-1,-1,-1,2,-1,-1
1475251020,3660,-1,-1,-1,-1,-1,2,-1,-1
1475254680,3000,-1,-1,-1,-1,-1,-1,-1,-1
1475257680,33568,-1,-1,-1,-1,-1,-1,-1,-1
1475422320,3240,-1,-1,-1,-1,-1,-1,-1,-1
1475425560,27660,-1,-1,-1,-1,-1,-1,-1,-1
1475453220,5220,-1,-1,-1,-1,-1,-1,-1,-1
1475458440,17984,-1,-1,-1,-1,-1,-1,-1,-1
1475541960,4800,-1,-1,-1,-1,-1,-1,-1,-1
1475546760,57660,-1,-1,-1,-1,-1,-1,-1,-1
1475604420,60,-1,-1,-1,-1,-1,-1,-1,-1
1475604480,60,11,897,0,13141,2,-1,34,31
1475604540,600,-1,-1,-1,-1,-1,-1,-1,-1
1475605140,60,6,442,0,13131,1,-1,17,14
1475605200,60,-1,-1,-1,-1,-1,-1,-1,-1
1475605260,60,7,540,0,12555,0,-1,0,0
1475605320,60,9,730,0,14165,0,-1,28,28
1475605380,60,7,590,0,14031,0,-1,22,19
1475605440,60,15,1109,0,13589,0,-1,43,43
1475605500,60,55,4486,0,13539,0,-1,174,172
1475605560,60,106,8700,0,14456,0,-1,338,351
1475605620,60,116,9447,0,14392,0,-1,367,383
1475605680,60,115,9327,0,14392,0,-1,362,379
1475605740,60,114,9199,0,13944,0,-1,356,375
1475605800,60,30,2357,0,12442,0,-1,91,97
1475605860,60,-1,-1,-1,-1,-1,-1,-1,-1
1475605920,60,77,6074,0,13491,0,-1,236,243
1475605980,660,-1,-1,-1,-1,-1,-1,-1,-1
1475606640,540,-1,-1,-1,-1,-1,-1,-1,-1
1475607180,60,47,3785,0,12964,0,-1,147,151
1475607240,60,46,3663,0,13540,0,-1,142,147
1475607300,2040,-1,-1,-1,-1,-1,-1,-1,-1
1475609340,1440,-1,-1,-1,-1,-1,-1,-1,-1
1475610780,1500,-1,-1,-1,-1,-1,-1,-1,-1
1475612280,60,82,6455,0,14066,0,-1,250,260
1475612340,60,84,6602,0,14130,0,-1,256,269
1475612400,60,46,3623,0,13027,0,-1,140,143
1475612460,4140,-1,-1,-1,-1,-1,-1,-1,-1
1475616600,60,59,4714,0,13034,0,-1,182,191
1475616660,60,53,4277,0,13483,0,-1,166,171
1475616720,1860,-1,-1,-1,-1,-1,-1,-1,-1
1475618580,60,9,730,0,13071,0,-1,28,23
1475618640,1080,-1,-1,-1,-1,-1,-1,-1,-1
1475619720,60,6,455,0,12618,0,-1,17,15
1475619780,120,-1,-1,-1,-1,-1,-1,-1,-1
1475619900,600,-1,-1,-1,-1,-1,-1,-1,-1
1475620500,60,67,5279,0,13546,1,-1,204,212
1475620560,60,56,4356,0,14124,1,-1,169,177
1475620620,60,23,1862,0,14230,0,-1,72,65
1475620680,60,72,5732,0,13995,0,-1,222,223
1475620740,60,32,2535,0,13156,0,-1,98,105
1475620800,360,-1,-1,-1,-1,-1,-1,-1,-1
1475621160,540,-1,-1,-1,-1,-1,-1,-1,-1
1475621700,3960,-1,-1,-1,-1,-1,-1,-1,-1
1475625660,60,9,730,0,13143,1,-1,28,26
1475625720,60,36,2824,0,13469,1,-1,109,111
1475625780,60,37,2875,0,13091,0,-1,111,117
1475625840,60,-1,-1,-1,-1,-1,-1,-1,-1
1475625900,60,102,8126,0,14009,0,-1,315,328
1475625960,60,118,9683,0,14392,0,-1,376,390
1475626020,60,107,8871,0,14456,0,-1,344,355
1475626080,60,120,10004,0,14968,0,-1,389,400
1475626140,60,93,7562,0,14009,0,-1,293,307
1475626200,60,21,1643,0,12948,0,-1,63,60
1475626260,60,24,1910,0,13590,0,-1,74,72
1475626320,60,8,542,0,14543,0,-1,21,17
1475626380,660,-1,-1,-1,-1,-1,-1,-1,-1
1475627040,660,-1,-1,-1,-1,-1,-1,-1,-1
1475627700,420,-1,-1,-1,-1,-1,-1,-1,-1
1475628120,60,10,713,0,13011,1,-1,27,28
1475628180,60,12,965,0,13590,1,-1,37,33
1475628240,240,-1,-1,-1,-1,-1,-1,-1,-1
1475628480,60,22,1691,0,13141,0,-1,65,64
1475628540,720,-1,-1,-1,-1,-1,-1,-1,-1
1475629260,240,-1,-1,-1,-1,-1,-1,-1,-1
1475629500,960,-1,-1,-1,-1,-1,-1,-1,-1
1475630460,60,8,658,0,15183,1,-1,25,21
1475630520,4800,-1,-1,-1,-1,-1,-1,-1,-1
1475635320,48900,-1,-1,-1,-1,-1,-1,-1,-1
1475684220,60,6,405,0,14095,2,-1,15,13
1475684280,120,-1,-1,-1,-1,-1,-1,-1,-1
1475684400,60,9,694,0,13139,0,-1,26,25
1475684460,60,-1,-1,-1,-1,-1,-1,-1,-1
1475684520,60,113,9186,0,14521,0,-1,357,368
1475684580,60,117,9554,0,14456,0,-1,371,386
1475684640,60,103,8335,0,14456,0,-1,323,339
1475684700,60,115,9314,0,14456,0,-1,362,379
1475684760,60,95,7619,0,14073,0,-1,295,312
1475684820,60,5,382,0,12492,0,-1,14,13
1475684880,60,22,1781,0,12562,0,-1,69,63
1475684940,60,51,4081,0,13483,0,-1,158,168
1475685000,60,27,2138,0,13019,0,-1,83,82
1475685060,600,-1,-1,-1,-1,-1,-1,-1,-1
1475685660,3780,-1,-1,-1,-1,-1,-1,-1,-1
1475689440,60,13,968,0,13204,0,-1,37,37
1475689500,1680,-1,-1,-1,-1,-1,-1,-1,-1
1475691180,60,42,3363,0,13083,0,-1,130,129
1475691240,60,67,5371,0,13554,0,-1,208,219
1475691300,660,-1,-1,-1,-1,-1,-1,-1,-1
1475691960,60,17,1367,0,13138,0,-1,53,49
1475692020,1740,-1,-1,-1,-1,-1,-1,-1,-1
1475693760,60,6,439,0,13135,0,-1,17,14
1475693820,2340,-1,-1,-1,-1,-1,-1,-1,-1
1475696160,720,-1,-1,-1,-1,-1,-1,-1,-1
1475696880,60,32,2576,0,14236,2,-1,100,97
1475696940,60,7,526,0,13711,2,-1,20,17
1475697000,240,-1,-1,-1,-1,-1,-1,-1,-1
1475697240,60,71,5647,0,13483,0,-1,219,224
1475697300,60,32,2585,0,12963,0,-1,100,107
1475697360,1080,-1,-1,-1,-1,-1,-1,-1,-1
1475698440,60,8,632,0,13202,0,-1,24,22
1475698500,1380,-1,-1,-1,-1,-1,-1,-1,-1
1475699880,60,8,560,0,13071,1,-1,0,0
1475699940,60,59,4846,0,13035,0,-1,188,193
1475700000,60,-1,-1,-1,-1,-1,-1,-1,-1
1475700060,60,60,4981,0,13034,0,-1,193,194
1475700120,60,6,463,0,12425,0,-1,18,15
1475700180,360,-1,-1,-1,-1,-1,-1,-1,-1
1475700540,60,79,6292,0,12913,0,-1,244,252
1475700600,60,115,9314,0,13368,0,-1,362,379
1475700660,60,115,9335,0,13880,0,-1,363,380
1475700720,60,60,4791,0,12970,0,-1,185,189
1475700780,60,39,3063,0,13090,0,-1,118,128
1475700840,120,-1,-1,-1,-1,-1,-1,-1,-1
1475700960,60,7,639,0,13077,0,-1,24,22
1475701020,660,-1,-1,-1,-1,-1,-1,-1,-1
1475701680,360,-1,-1,-1,-1,-1,-1,-1,-1
1475702040,1320,-1,-1,-1,-1,-1,-1,-1,-1
1475703360,120,-1,-1,-1,-1,-1,-1,-1,-1
1475703480,660,-1,-1,-1,-1,-1,-1,-1,-1
1475704140,60,64,5195,0,13483,1,-1,201,207
1475704200,60,53,4268,0,13028,0,-1,166,166
1475704260,60,114,9203,0,13368,0,-1,358,376
1475704320,60,102,8175,0,13368,0,-1,317,334
1475704380,60,68,5279,0,12913,0,-1,205,221
1475704440,300,-1,-1,-1,-1,-1,-1,-1,-1
1475704740,60,74,5838,0,12914,0,-1,227,233
1475704800,60,26,2057,0,12442,0,-1,79,86
1475704860,120,-1,-1,-1,-1,-1,-1,-1,-1
1475704980,60,49,4003,0,12963,0,-1,155,153
1475705040,60,33,2637,0,13533,0,-1,102,105
1475705100,1920,-1,-1,-1,-1,-1,-1,-1,-1
1475707020,60,52,4063,0,12971,2,-1,157,165
1475707080,60,49,3862,0,13476,2,-1,150,157
1475707140,1440,-1,-1,-1,-1,-1,-1,-1,-1
1475708580,4140,-1,-1,-1,-1,-1,-1,-1,-1
1475712720,60,28,2191,0,13595,0,-1,85,87
1475712780,60,39,3119,0,13667,0,-1,121,125
1475712840,60,29,2276,0,12442,0,-1,88,88
1475712900,60,8,610,0,13075,0,-1,23,26
1475712960,180,-1,-1,-1,-1,-1,-1,-1,-1
1475713140,60,87,7277,0,15154,0,-1,282,284
1475713200,60,121,10527,0,15097,0,-1,409,408
1475713260,60,105,8558,0,13880,0,-1,332,346
1475713320,60,115,9352,0,14392,0,-1,363,380
1475713380,60,53,4272,0,13987,0,-1,166,168
1475713440,60,13,1026,0,13141,0,-1,39,37
1475713500,120,-1,-1,-1,-1,-1,-1,-1,-1
1475713620,60,8,645,0,13206,0,-1,25,22
1475713680,120,-1,-1,-1,-1,-1,-1,-1,-1
1475713800,60,24,1894,0,14486,0,-1,73,70
1475713860,60,6,482,0,14095,0,-1,18,16
1475713920,1080,-1,-1,-1,-1,-1,-1,-1,-1
1475715000,1440,-1,-1,-1,-1,-1,-1,-1,-1
1475716440,60,9,710,0,12619,0,-1,27,22
1475716500,60,13,1038,0,14615,0,-1,40,41
1475716560,60,13,1100,0,14165,0,-1,42,38
1475716620,4740,-1,-1,-1,-1,-1,-1,-1,-1
1475721360,43620,-1,-1,-1,-1,-1,-1,-1,-1
1475764980,960,-1,-1,-1,-1,-1,-1,-1,-1
1475765940,60,24,1914,0,12634,0,-1,74,75
1475766000,60,-1,-1,-1,-1,-1,-1,-1,-1
1475766060,60,9,680,0,13014,0,-1,26,25
1475766120,60,60,4940,0,13547,0,-1,192,191
1475766180,60,117,9607,0,14392,0,-1,373,388
1475766240,60,103,8319,0,14521,0,-1,322,335
1475766300,60,105,8558,0,13880,0,-1,332,346
1475766360,60,116,9447,0,14456,0,-1,367,383
1475766420,60,70,5598,0,13489,0,-1,217,229
1475766480,60,13,887,0,12434,0,-1,34,38
1475766540,240,-1,-1,-1,-1,-1,-1,-1,-1
1475766780,60,75,5873,0,13489,0,-1,228,239
1475766840,60,111,8748,0,13944,0,-1,339,362
1475766900,60,99,7771,0,13432,0,-1,302,323
1475766960,60,10,772,0,12497,0,-1,29,33
1475767020,480,-1,-1,-1,-1,-1,-1,-1,-1
1475767500,60,22,1769,0,14174,0,-1,68,69
1475767560,60,9,698,0,13077,0,-1,27,25
1475767620,60,83,6674,0,14514,0,-1,259,270
1475767680,480,-1,-1,-1,-1,-1,-1,-1,-1
1475768160,60,28,2139,0,13019,0,-1,83,80
1475768220,60,90,7152,0,13946,0,-1,277,290
1475768280,60,47,3685,0,13482,0,-1,143,153
1475768340,1200,-1,-1,-1,-1,-1,-1,-1,-1
1475769540,60,6,478,0,13006,0,-1,18,16
1475769600,60,9,753,0,13589,0,-1,29,27
1475769660,60,20,1610,0,13014,0,-1,62,59
1475769720,60,72,5798,0,13491,0,-1,225,235
1475769780,60,113,9212,0,13945,0,-1,358,369
1475769840,60,36,2828,0,13021,0,-1,109,109
1475769900,60,86,6796,0,13498,0,-1,264,282
1475769960,60,22,1773,0,13015,0,-1,68,66
1475770020,60,75,6025,0,14066,0,-1,234,247
1475770080,60,19,1455,0,13591,0,-1,56,51
1475770140,60,103,8215,0,13433,0,-1,319,334
1475770200,60,26,2037,0,13021,0,-1,79,84
1475770260,60,119,9643,0,14457,0,-1,375,387
1475770320,60,19,1466,0,13086,0,-1,57,58
1475770380,60,9,706,0,14550,0,-1,27,26
1475770440,60,70,5602,0,13555,0,-1,217,226
1475770500,180,-1,-1,-1,-1,-1,-1,-1,-1
1475770680,60,7,479,0,13069,0,-1,18,16
1475770740,60,10,803,0,13068,0,-1,31,25
1475770800,60,95,7686,0,13433,0,-1,298,311
1475770860,60,46,3663,0,13540,0,-1,142,144
1475770920,60,92,7318,0,13945,0,-1,284,302
1475770980,60,-1,-1,-1,-1,-1,-1,-1,-1
1475771040,60,61,4999,0,13612,0,-1,194,193
1475771100,60,12,933,0,13014,0,-1,36,34
1475771160,60,9,798,0,13014,0,-1,31,27
1475771220,420,-1,-1,-1,-1,-1,-1,-1,-1
1475771640,60,41,3128,0,13090,0,-1,121,128
1475771700,60,47,3781,0,13604,0,-1,147,148
1475771760,60,22,1736,0,12950,0,-1,67,65
1475771820,60,47,3610,0,12964,0,-1,140,146
1475771880,60,93,7383,0,14002,0,-1,287,294
1475771940,60,52,4082,0,14060,0,-1,158,167
1475772000,60,34,2718,0,13597,0,-1,105,106
1475772060,60,8,613,0,13141,0,-1,23,21
1475772120,60,51,3944,0,13035,0,-1,153,161
1475772180,480,-1,-1,-1,-1,-1,-1,-1,-1
1475772660,60,22,1844,0,13013,0,-1,71,65
1475772720,60,78,6183,0,13490,0,-1,239,256
1475772780,60,93,7375,0,15154,0,-1,286,292
1475772840,60,102,8179,0,13880,0,-1,317,334
1475772900,60,110,8612,0,13944,0,-1,334,358
1475772960,60,42,3253,0,12897,0,-1,126,137
1475773020,60,40,3209,0,13026,0,-1,124,126
1475773080,60,82,6345,0,14066,0,-1,246,261
1475773140,360,-1,-1,-1,-1,-1,-1,-1,-1
1475773500,60,51,3861,0,12898,0,-1,149,157
1475773560,360,-1,-1,-1,-1,-1,-1,-1,-1
1475773920,240,-1,-1,-1,-1,-1,-1,-1,-1
1475774160,60,14,1059,0,13718,1,-1,41,40
1475774220,60,-1,-1,-1,-1,-1,-1,-1,-1
1475774280,60,34,2666,0,13018,0,-1,103,103
1475774340,60,50,3967,0,13996,0,-1,154,162
1475774400,60,93,7363,0,14578,0,-1,286,294
1475774460,780,-1,-1,-1,-1,-1,-1,-1,-1
1475775240,600,-1,-1,-1,-1,-1,-1,-1,-1
1475775840,660,-1,-1,-1,-1,-1,-1,-1,-1
1475776500,60,75,6029,0,14003,1,-1,234,237
1475776560,60,23,1821,0,13021,1,-1,70,76
1475776620,900,-1,-1,-1,-1,-1,-1,-1,-1
1475777520,60,7,605,0,13647,1,-1,23,21
1475777580,780,-1,-1,-1,-1,-1,-1,-1,-1
1475778360,900,-1,-1,-1,-1,-1,-1,-1,-1
1475779260,60,65,5160,0,13546,0,-1,200,206
1475779320,120,-1,-1,-1,-1,-1,-1,-1,-1
1475779440,60,99,7783,0,14137,0,-1,302,316
1475779500,60,106,8718,0,14456,0,-1,338,351
1475779560,60,61,4880,0,13169,0,-1,189,201
1475779620,60,34,2795,0,13081,0,-1,108,107
1475779680,60,118,9714,0,14392,0,-1,377,391
1475779740,60,99,8227,0,14521,0,-1,320,330
1475779800,61,42,3268,0,13605,0,-1,126,129
1475779861,59,23,1805,0,13654,0,-1,70,65
1475779920,180,-1,-1,-1,-1,-1,-1,-1,-1
1475780100,1200,-1,-1,-1,-1,-1,-1,-1,-1
1475781300,2040,-1,-1,-1,-1,-1,-1,-1,-1
1475783340,1380,-1,-1,-1,-1,-1,-1,-1,-1
1475784720,6480,-1,-1,-1,-1,-1,-1,-1,-1
1475791200,60,-1,-1,-1,-1,-1,-1,-1,-1
1475791260,60,55,4401,0,13540,2,-1,171,166
1475791320,60,108,8980,0,14456,0,-1,349,359
1475791380,60,117,9593,0,14456,0,-1,372,387
1475791440,60,116,9455,0,14456,0,-1,367,383
1475791500,60,117,9593,0,15032,0,-1,372,387
1475791560,60,105,8597,0,14456,0,-1,333,347
1475791620,60,118,9746,0,15032,0,-1,378,392
1475791680,60,117,9598,0,14392,0,-1,372,387
1475791740,60,115,9314,0,14392,0,-1,362,379
1475791800,60,112,8917,0,14456,0,-1,346,367
1475791860,60,89,7000,0,13945,0,-1,272,291
1475791920,120,-1,-1,-1,-1,-1,-1,-1,-1
1475792040,60,10,744,0,12627,0,-1,28,27
1475792100,120,-1,-1,-1,-1,-1,-1,-1,-1
1475792220,60,9,757,0,12498,0,-1,29,26
1475792280,60,9,612,0,12690,0,-1,23,23
1475792340,60,5,429,0,12617,0,-1,0,0
1475792400,60,81,6558,0,14130,0,-1,255,263
1475792460,60,115,9318,0,14456,0,-1,362,379
1475792520,60,114,9136,0,14456,0,-1,355,374
1475792580,60,113,9059,0,14392,0,-1,351,371
1475792640,60,102,8183,0,14392,0,-1,317,334
1475792700,60,114,9174,0,14392,0,-1,356,375
1475792760,60,101,8028,0,13945,0,-1,311,331
1475792820,60,20,1237,0,12378,0,-1,48,57
1475792880,60,-1,-1,-1,-1,-1,-1,-1,-1
1475792940,60,9,617,0,12950,0,-1,24,21
1475793000,120,-1,-1,-1,-1,-1,-1,-1,-1
1475793120,60,9,670,0,13527,0,-1,26,25
1475793180,60,97,7640,0,14521,0,-1,296,310
1475793240,60,111,8764,0,13880,0,-1,339,362
1475793300,60,110,8683,0,14456,0,-1,337,360
1475793360,60,100,7907,0,13880,0,-1,307,326
1475793420,60,110,8643,0,13880,0,-1,336,359
1475793480,60,110,8616,0,13880,0,-1,334,358
1475793540,60,80,5874,0,13497,0,-1,227,257
1475793600,60,-1,-1,-1,-1,-1,-1,-1,-1
1475793660,60,6,514,0,12555,0,-1,0,0
1475793720,60,2,182,0,12619,0,-1,7,7
1475793780,240,-1,-1,-1,-1,-1,-1,-1,-1
1475794020,60,64,5020,0,13482,0,-1,195,200
1475794080,60,111,8764,0,14008,0,-1,339,362
1475794140,60,92,7029,0,13433,0,-1,273,294
1475794200,60,112,8889,0,13880,0,-1,345,366
1475794260,60,109,8543,0,13880,0,-1,332,356
1475794320,60,109,8504,0,13880,0,-1,330,355
1475794380,60,110,8628,0,13944,0,-1,334,358
1475794440,60,98,7629,0,13368,0,-1,296,318
1475794500,60,110,8651,0,13880,0,-1,336,359
1475794560,60,106,8296,0,13881,0,-1,321,342
1475794620,60,92,7033,0,13625,0,-1,272,298
1475794680,60,6,470,0,12555,0,-1,18,15
1475794740,60,-1,-1,-1,-1,-1,-1,-1,-1
1475794800,60,13,996,0,12884,0,-1,38,38
1475794860,60,5,429,0,13068,0,-1,16,14
1475794920,60,22,1760,0,12690,0,-1,68,66
1475794980,60,-1,-1,-1,-1,-1,-1,-1,-1
1475795040,60,20,1610,0,13139,0,-1,62,56
1475795100,60,112,8893,0,14008,0,-1,345,366
1475795160,60,96,7675,0,13497,0,-1,297,311
1475795220,60,26,2045,0,12957,0,-1,79,82
1475795280,60,41,3237,0,13532,0,-1,125,120
1475795340,60,1,68,0,14031,0,-1,2,3
1475795400,1140,-1,-1,-1,-1,-1,-1,-1,-1
1475796540,60,21,1655,0,13014,0,-1,64,61
1475796600,60,18,1428,0,14487,0,-1,55,51
1475796660,60,-1,-1,-1,-1,-1,-1,-1,-1
1475796720,60,-1,-1,-1,-1,-1,-1,-1,-1
1475796780,60,-1,-1,-1,-1,-1,-1,-1,-1
1475796840,60,29,2224,0,13660,0,-1,86,81
1475796900,360,-1,-1,-1,-1,-1,-1,-1,-1
1475797260,1260,-1,-1,-1,-1,-1,-1,-1,-1
1475798520,60,19,1551,0,13137,0,-1,60,58
1475798580,4740,-1,-1,-1,-1,-1,-1,-1,-1
1475803320,48360,-1,-1,-1,-1,-1,-1,-1,-1
1475851680,180,-1,-1,-1,-1,-1,-1,-1,-1
1475851860,60,24,1894,0,13525,0,-1,73,70
1475851920,60,19,1448,0,14039,0,-1,56,51
1475851980,660,-1,-1,-1,-1,-1,-1,-1,-1
1475852640,60,16,1137,0,13077,0,-1,44,39
1475852700,60,-1,-1,-1,-1,-1,-1,-1,-1
1475852760,60,6,424,0,13070,0,-1,16,14
1475852820,180,-1,-1,-1,-1,-1,-1,-1,-1
1475853000,60,7,533,0,13133,0,-1,20,19
1475853060,60,-1,-1,-1,-1,-1,-1,-1,-1
1475853120,60,8,662,0,13074,0,-1,25,23
1475853180,180,-1,-1,-1,-1,-1,-1,-1,-1
1475853360,60,10,740,0,12501,0,-1,28,25
1475853420,60,14,1055,0,14551,0,-1,41,43
1475853480,60,12,1000,0,13590,0,-1,38,35
1475853540,60,27,2110,0,13085,0,-1,82,83
1475853600,60,80,6456,0,13938,0,-1,250,258
1475853660,60,99,7981,0,13945,0,-1,310,322
1475853720,60,115,9314,0,14456,0,-1,362,379
1475853780,60,114,9165,0,13880,0,-1,355,374
1475853840,60,113,9026,0,13880,0,-1,350,370
1475853900,60,101,8077,0,13368,0,-1,314,332
1475853960,60,113,9039,0,13880,0,-1,351,371
1475854020,60,113,9018,0,13880,0,-1,350,370
1475854080,60,113,9047,0,13880,0,-1,351,371
1475854140,60,112,8913,0,13880,0,-1,346,367
1475854200,60,99,7779,0,13368,0,-1,302,323
1475854260,60,116,9464,0,14456,0,-1,367,383
1475854320,60,21,1683,0,13598,0,-1,65,70
1475854380,60,-1,-1,-1,-1,-1,-1,-1,-1
1475854440,60,-1,-1,-1,-1,-1,-1,-1,-1
1475854500,60,101,8004,0,13945,0,-1,311,321
1475854560,60,113,9063,0,14456,0,-1,351,371
1475854620,60,101,8036,0,13880,0,-1,311,330
1475854680,60,111,8803,0,13880,0,-1,342,364
1475854740,60,112,8909,0,13880,0,-1,346,367
1475854800,60,112,8865,0,13880,0,-1,343,365
1475854860,60,99,7826,0,13368,0,-1,303,324
1475854920,60,47,3669,0,12970,0,-1,142,153
1475854980,60,71,5595,0,13425,0,-1,217,225
1475855040,60,115,9322,0,14392,0,-1,362,379
1475855100,60,115,9284,0,14456,0,-1,360,378
1475855160,60,113,9059,0,14456,0,-1,351,371
1475855220,60,102,8158,0,13880,0,-1,316,333
1475855280,60,105,8422,0,14457,0,-1,326,345
1475855340,60,111,8779,0,14521,0,-1,341,354
1475855400,60,116,9451,0,14456,0,-1,367,383
1475855460,60,103,8314,0,14456,0,-1,323,339
1475855520,60,114,9190,0,14392,0,-1,356,375
1475855580,60,113,9055,0,14456,0,-1,351,371
1475855640,60,112,8917,0,14392,0,-1,346,367
1475855700,60,102,8162,0,14008,0,-1,317,334
1475855760,60,116,9421,0,14392,0,-1,365,382
1475855820,60,114,9199,0,14392,0,-1,356,375
1475855880,60,113,9043,0,13880,0,-1,351,371
1475855940,60,100,7927,0,13880,0,-1,308,327
1475856000,60,14,1107,0,13142,0,-1,42,44
1475856060,180,-1,-1,-1,-1,-1,-1,-1,-1
1475856240,60,56,4353,0,13034,0,-1,169,175
1475856300,60,97,7537,0,14009,0,-1,292,312
1475856360,60,101,8069,0,13880,0,-1,312,331
1475856420,60,114,9165,0,14456,0,-1,355,374
1475856480,60,113,9014,0,13880,0,-1,350,370
1475856540,60,112,8941,0,14392,0,-1,347,368
1475856600,60,101,8040,0,13944,0,-1,312,331
1475856660,60,66,5159,0,13491,0,-1,200,212
1475856720,60,11,817,0,12498,0,-1,31,29
1475856780,60,-1,-1,-1,-1,-1,-1,-1,-1
1475856840,60,88,6911,0,13490,0,-1,268,275
1475856900,60,22,1769,0,14167,0,-1,68,66
1475856960,2400,-1,-1,-1,-1,-1,-1,-1,-1
1475859360,60,52,4142,0,13604,0,-1,161,159
1475859420,60,44,3529,0,13540,0,-1,137,145
1475859480,3660,-1,-1,-1,-1,-1,-1,-1,-1
1475863140,60,6,520,0,14094,0,-1,20,17
1475863200,60,73,5745,0,13490,0,-1,223,232
1475863260,60,-1,-1,-1,-1,-1,-1,-1,-1
1475863320,60,43,3338,0,13604,0,-1,129,135
1475863380,60,39,3010,0,14116,0,-1,116,118
1475863440,120,-1,-1,-1,-1,-1,-1,-1,-1
1475863560,60,36,2771,0,13020,0,-1,107,106
1475863620,60,8,658,0,13069,0,-1,25,21
1475863680,60,14,1103,0,12562,0,-1,42,41
1475863740,60,63,5118,0,13419,0,-1,199,205
1475863800,1440,-1,-1,-1,-1,-1,-1,-1,-1
1475865240,600,-1,-1,-1,-1,-1,-1,-1,-1
1475865840,60,65,5105,0,13995,1,-1,198,203
1475865900,60,16,1203,0,13589,0,-1,46,49
1475865960,60,14,1095,0,14038,0,-1,42,39
1475866020,60,59,4739,0,14124,0,-1,184,190
1475866080,2040,-1,-1,-1,-1,-1,-1,-1,-1
1475868120,60,27,2146,0,12442,0,-1,83,82
1475868180,60,84,6575,0,13490,0,-1,255,268
1475868240,1680,-1,-1,-1,-1,-1,-1,-1,-1
1475869920,60,24,1918,0,13018,0,-1,74,72
1475869980,60,78,6215,0,14066,0,-1,241,254
1475870040,60,-1,-1,-1,-1,-1,-1,-1,-1
1475870100,60,8,599,0,12628,0,-1,23,22
1475870160,60,-1,-1,-1,-1,-1,-1,-1,-1
1475870220,120,-1,-1,-1,-1,-1,-1,-1,-1
1475870340,4620,-1,-1,-1,-1,-1,-1,-1,-1
1475874960,2580,-1,-1,-1,-1,-1,-1,-1,-1
1475877540,1080,-1,-1,-1,-1,-1,-1,-1,-1
1475878620,60,72,5680,0,14642,2,-1,221,230
1475878680,60,17,1308,0,13717,0,-1,50,52
1475878740,60,13,1051,0,13079,0,-1,40,34
1475878800,60,110,8934,0,13945,0,-1,347,359
1475878860,60,104,8459,0,13880,0,-1,328,342
1475878920,60,118,9764,0,13944,0,-1,378,392
1475878980,60,117,9536,0,13880,0,-1,371,386
1475879040,60,113,9055,0,13880,0,-1,351,371
1475879100,60,96,7407,0,12920,0,-1,287,311
1475879160,60,12,905,0,12500,0,-1,35,40
1475879220,480,-1,-1,-1,-1,-1,-1,-1,-1
1475879700,60,104,8614,0,14457,0,-1,335,341
1475879760,60,117,9571,0,14968,0,-1,372,387
1475879820,60,114,9178,0,14520,0,-1,356,375
1475879880,60,117,9567,0,14968,0,-1,372,387
1475879940,60,100,8067,0,14457,0,-1,313,325
1475880000,60,29,2328,0,14109,0,-1,90,96
1475880060,60,76,6169,0,15027,0,-1,239,239
1475880120,60,116,9460,0,14456,0,-1,367,383
1475880180,61,115,9331,0,14456,0,-1,362,379
1475880241,59,56,4192,0,12971,0,-1,163,174
1475880300,60,-1,-1,-1,-1,-1,-1,-1,-1
1475880360,60,9,698,0,14167,0,-1,27,24
1475880420,60,51,3918,0,13548,0,-1,152,159
1475880480,60,55,4381,0,13996,0,-1,170,176
1475880540,60,102,8162,0,14008,0,-1,317,334
1475880600,60,112,8933,0,13944,0,-1,346,367
1475880660,60,102,8038,0,14009,0,-1,311,328
1475880720,60,104,8142,0,13945,0,-1,316,332
1475880780,60,99,7771,0,13368,0,-1,302,323
1475880840,60,109,8512,0,14008,0,-1,330,355
1475880900,60,45,3462,0,12969,0,-1,134,146
1475880960,120,-1,-1,-1,-1,-1,-1,-1,-1
1475881080,120,-1,-1,-1,-1,-1,-1,-1,-1
1475881200,60,30,2316,0,13084,0,-1,90,89
1475881260,60,-1,-1,-1,-1,-1,-1,-1,-1
1475881320,60,29,2253,0,13083,0,-1,87,84
1475881380,60,80,6274,0,14130,0,-1,243,257
1475881440,60,46,3522,0,13995,0,-1,136,150
1475881500,120,-1,-1,-1,-1,-1,-1,-1,-1
1475881620,60,9,777,0,12499,0,-1,30,26
1475881680,60,-1,-1,-1,-1,-1,-1,-1,-1
1475881740,60,20,1536,0,13462,0,-1,59,61
1475881800,240,-1,-1,-1,-1,-1,-1,-1,-1
1475882040,60,22,1694,0,13654,0,-1,65,64
1475882100,180,-1,-1,-1,-1,-1,-1,-1,-1
1475882280,60,34,2701,0,13595,0,-1,105,106
1475882340,60,110,8775,0,14009,0,-1,341,354
1475882400,60,106,8288,0,13881,0,-1,322,341
1475882460,60,112,8869,0,13944,0,-1,345,366
1475882520,60,100,7903,0,13880,0,-1,307,326
1475882580,60,87,6826,0,13433,0,-1,264,284
1475882640,60,112,8873,0,14009,0,-1,344,362
1475882700,60,109,8508,0,13368,0,-1,330,355
1475882760,60,90,6882,0,13497,0,-1,267,289
1475882820,60,-1,-1,-1,-1,-1,-1,-1,-1
1475882880,60,101,7895,0,14073,0,-1,306,323
1475882940,60,104,8014,0,13497,0,-1,311,333
1475883000,60,97,7510,0,13432,0,-1,291,315
1475883060,60,110,8643,0,13368,0,-1,336,359
1475883120,60,68,5302,0,14067,0,-1,206,219
1475883180,120,-1,-1,-1,-1,-1,-1,-1,-1
1475883300,60,67,5343,0,14003,0,-1,207,216
1475883360,60,23,1805,0,13021,0,-1,70,72
1475883420,60,21,1647,0,13653,0,-1,64,56
1475883480,60,1,68,0,14031,0,-1,2,5
1475883540,1200,-1,-1,-1,-1,-1,-1,-1,-1
1475884740,60,14,1181,0,13204,0,-1,45,42
1475884800,540,-1,-1,-1,-1,-1,-1,-1,-1
1475885340,720,-1,-1,-1,-1,-1,-1,-1,-1
1475886060,60,9,710,0,13652,2,-1,27,24
1475886120,1440,-1,-1,-1,-1,-1,-1,-1,-1
1475887560,60,18,1357,0,12690,1,-1,52,54
1475887620,60,-1,-1,-1,-1,-1,-1,-1,-1
1475887680,60,7,572,0,12618,1,-1,22,18
1475887740,600,-1,-1,-1,-1,-1,-1,-1,-1
1475888340,60,11,970,0,12689,1,-1,37,34
1475888400,60,26,2037,0,13655,1,-1,79,74
1475888460,660,-1,-1,-1,-1,-1,-1,-1,-1
1475889120,60,9,730,0,12682,0,-1,28,25
1475889180,480,-1,-1,-1,-1,-1,-1,-1,-1
1475889660,60,13,1038,0,12690,1,-1,40,37
1475889720,240,-1,-1,-1,-1,-1,-1,-1,-1
1475889960,60,6,520,0,12618,1,-1,20,17
1475890020,60,7,497,0,13003,0,-1,19,16
1475890080,1140,-1,-1,-1,-1,-1,-1,-1,-1
1475891220,60,27,2122,0,12950,0,-1,82,76
1475891280,60,-1,-1,-1,-1,-1,-1,-1,-1
1475891340,60,8,617,0,14671,0,-1,24,20
1475891400,1800,-1,-1,-1,-1,-1,-1,-1,-1
1475893200,180,-1,-1,-1,-1,-1,-1,-1,-1
1475893380,60,7,564,0,13582,0,-1,21,18
1475893440,60,-1,-1,-1,-1,-1,-1,-1,-1
1475893500,60,8,625,0,13070,0,-1,24,20
1475893560,600,-1,-1,-1,-1,-1,-1,-1,-1
1475894160,60,12,1024,0,13139,0,-1,39,35
1475894220,180,-1,-1,-1,-1,-1,-1,-1,-1
1475894400,480,-1,-1,-1,-1,-1,-1,-1,-1
1475894880,180,-1,-1,-1,-1,-1,-1,-1,-1
1475895060,60,6,495,0,14095,0,-1,19,16
1475895120,180,-1,-1,-1,-1,-1,-1,-1,-1
1475895300,60,7,533,0,13071,0,-1,20,17
1475895360,60,35,2824,0,14685,0,-1,109,104
1475895420,300,-1,-1,-1,-1,-1,-1,-1,-1
1475895720,60,7,466,0,13139,0,-1,18,17
1475895780,300,-1,-1,-1,-1,-1,-1,-1,-1
1475896080,120,-1,-1,-1,-1,-1,-1,-1,-1
1475896200,60,-1,-1,-1,-1,-1,-1,-1,-1
1475896260,240,-1,-1,-1,-1,-1,-1,-1,-1
1475896500,60,10,820,0,13079,0,-1,31,29
1475896560,60,25,1987,0,14678,0,-1,77,71
1475896620,120,-1,-1,-1,-1,-1,-1,-1,-1
1475896740,60,11,888,0,14102,0,-1,34,31
1475896800,60,17,1331,0,14229,0,-1,51,49
1475896860,60,-1,-1,-1,-1,-1,-1,-1,-1
1475896920,60,16,1189,0,15127,0,-1,46,42
1475896980,420,-1,-1,-1,-1,-1,-1,-1,-1
1475897400,1320,-1,-1,-1,-1,-1,-1,-1,-1
1475898720,60,6,439,0,13644,1,-1,17,14
1475898780,60,-1,-1,-1,-1,-1,-1,-1,-1
1475898840,60,21,1683,0,14230,1,-1,65,58
1475898900,960,-1,-1,-1,-1,-1,-1,-1,-1
1475899860,60,8,610,0,13581,0,-1,23,19
1475899920,1020,-1,-1,-1,-1,-1,-1,-1,-1
1475900940,60,32,2543,0,14750,0,-1,98,92
1475901000,540,-1,-1,-1,-1,-1,-1,-1,-1
1475901540,180,-1,-1,-1,-1,-1,-1,-1,-1
1475901720,60,13,1055,0,13202,1,-1,40,39
1475901780,5340,-1,-1,-1,-1,-1,-1,-1,-1
1475907120,2040,-1,-1,-1,-1,-1,-1,-1,-1
1475909160,120,-1,-1,-1,-1,-1,2,-1,-1
1475909280,1740,-1,-1,-1,-1,-1,1,-1,-1
1475911020,1560,-1,-1,-1,-1,-1,2,-1,-1
1475912580,780,-1,-1,-1,-1,-1,1,-1,-1
1475913360,300,-1,-1,-1,-1,-1,2,-1,-1
1475913660,960,-1,-1,-1,-1,-1,1,-1,-1
1475914620,660,-1,-1,-1,-1,-1,2,-1,-1
1475915280,3780,-1,-1,-1,-1,-1,2,-1,-1
1475919060,720,-1,-1,-1,-1,-1,1,-1,-1
1475919780,240,-1,-1,-1,-1,-1,2,-1,-1
1475920020,1020,-1,-1,-1,-1,-1,1,-1,-1
1475921040,2040,-1,-1,-1,-1,-1,2,-1,-1
1475923080,720,-1,-1,-1,-1,-1,1,-1,-1
1475923800,360,-1,-1,-1,-1,-1,2,-1,-1
1475924160,720,-1,-1,-1,-1,-1,1,-1,-1
1475924880,2820,-1,-1,-1,-1,-1,2,-1,-1
1475927700,240,-1,-1,-1,-1,-1,2,-1,-1
1475927940,1020,-1,-1,-1,-1,-1,1,-1,-1
1475928960,720,-1,-1,-1,-1,-1,1,-1,-1
1475929680,480,-1,-1,-1,-1,-1,2,-1,-1
1475930160,720,-1,-1,-1,-1,-1,1,-1,-1
1475930880,960,-1,-1,-1,-1,-1,2,-1,-1
1475931840,1440,-1,-1,-1,-1,-1,1,-1,-1
1475933280,600,-1,-1,-1,-1,-1,0,-1,-1
1475933880,300,-1,-1,-1,-1,-1,1,-1,-1
1475934180,1740,-1,-1,-1,-1,-1,1,-1,-1
1475935920,540,-1,-1,-1,-1,-1,0,-1,-1
1475936460,180,-1,-1,-1,-1,-1,1,-1,-1
1475936640,960,-1,-1,-1,-1,-1,2,-1,-1
1475937600,1440,-1,-1,-1,-1,-1,2,-1,-1
1475939040,1560,-1,-1,-1,-1,-1,1,-1,-1
1475940600,3120,-1,-1,-1,-1,-1,2,-1,-1
1475943720,3000,-1,-1,-1,-1,-1,-1,-1,-1
1475946720,23804,-1,-1,-1,-1,-1,-1,-1,-1
1476036060,4800,-1,-1,-1,-1,-1,-1,-1,-1
1476040860,540,-1,-1,-1,-1,-1,-1,-1,-1
1476041400,60,-1,-1,-1,-1,-1,-1,-1,-1
1476041460,60,17,1346,0,12564,2,-1,52,48
1476041520,60,84,6714,0,14066,0,-1,260,270
1476041580,60,116,9455,0,14968,0,-1,367,383
1476041640,60,113,9055,0,14392,0,-1,351,371
1476041700,60,22,1655,0,12508,0,-1,64,69
1476041760,60,59,4322,0,13484,0,-1,168,171
1476041820,60,33,2722,0,13083,0,-1,105,104
1476041880,60,115,9305,0,14392,0,-1,362,379
1476041940,60,104,8438,0,14392,0,-1,328,342
1476042000,60,113,9207,0,14457,0,-1,357,370
1476042060,60,36,2677,0,13021,0,-1,104,108
1476042120,60,32,2519,0,13020,0,-1,97,95
1476042180,600,-1,-1,-1,-1,-1,-1,-1,-1
1476042780,2820,-1,-1,-1,-1,-1,-1,-1,-1
1476045600,1320,-1,-1,-1,-1,-1,-1,-1,-1
1476046920,13860,-1,-1,-1,-1,-1,-1,-1,-1
1476060780,60,-1,-1,-1,-1,-1,-1,-1,-1
1476060840,60,20,1706,0,12565,2,-1,66,64
1476060900,60,13,968,0,12500,0,-1,37,35
1476060960,60,31,2322,0,12442,0,-1,90,94
1476061020,60,95,7382,0,13497,0,-1,286,307
1476061080,1920,-1,-1,-1,-1,-1,-1,-1,-1
1476063000,1740,-1,-1,-1,-1,-1,-1,-1,-1
1476064740,60,46,3651,0,12964,0,-1,141,144
1476064800,60,80,6321,0,13491,0,-1,245,252
1476064860,60,21,1568,0,12506,0,-1,60,63
1476064920,3060,-1,-1,-1,-1,-1,-1,-1,-1
1476067980,1680,-1,-1,-1,-1,-1,-1,-1,-1
1476069660,42480,-1,-1,-1,-1,-1,-1,-1,-1
1476112140,540,-1,-1,-1,-1,-1,-1,-1,-1
1476112680,60,20,1672,0,13140,1,-1,64,61
1476112740,60,8,613,0,12500,1,-1,23,21
1476112800,60,23,1790,0,12572,0,-1,69,68
1476112860,60,-1,-1,-1,-1,-1,-1,-1,-1
1476112920,60,71,5833,0,14121,0,-1,226,228
1476112980,60,123,10447,0,14904,0,-1,406,413
1476113040,60,109,9154,0,14904,0,-1,356,364
1476113100,60,120,10027,0,14968,0,-1,389,400
1476113160,60,96,7902,0,14650,0,-1,307,318
1476113220,60,10,744,0,12497,0,-1,28,28
1476113280,60,78,6388,0,14130,0,-1,248,254
1476113340,420,-1,-1,-1,-1,-1,-1,-1,-1
1476113760,3000,-1,-1,-1,-1,-1,-1,-1,-1
1476116760,3420,-1,-1,-1,-1,-1,-1,-1,-1
1476120180,1440,-1,-1,-1,-1,-1,-1,-1,-1
